"id","code","name","parent_id:id","type","user_type:id","reconcile","company_id:id"
"account.chart0","_0","Plano de Contas Localização Brasileira",,"view","l10n_br.ativo","True","base.main_company"
"account.assets_view","_1","ATIVO","account.chart0","view","l10n_br.ativo","True","base.main_company"
"account_demo_3","1.1","CIRCULANTE","account.assets_view","view","l10n_br.ativo","True","base.main_company"
"account_demo_4","1.1.01","DISPONIBILIDADES","account_demo_3","view","l10n_br.ativo","True","base.main_company"
"account_demo_5","1.1.01.01","CAIXA","account_demo_4","view","l10n_br.ativo","True","base.main_company"
"account.cash","1.1.01.01.0001","Caixa Geral","account_demo_5","other","l10n_br.ativo","True","base.main_company"
"account_demo_7","1.1.01.01.0002","Fundo Fixo","account_demo_5","other","l10n_br.ativo","True","base.main_company"
"account_demo_8","1.1.01.02","BANCOS ","account_demo_4","view","l10n_br.ativo","True","base.main_company"
"account.bnk","1.1.01.02.0001","Banco C/ Movimento","account_demo_8","other","l10n_br.ativo","True","base.main_company"
"account_demo_10","1.1.01.03","VALORES MOBILIÁRIOS-MERC.CAP.INTERNOS","account_demo_4","view","l10n_br.ativo","True","base.main_company"
"account_demo_11","1.1.01.03.0001","Aplicações Nacionais","account_demo_10","other","l10n_br.ativo","True","base.main_company"
"account_demo_12","1.1.01.04","TITULOS DE CAPITALIZAÇÃO","account_demo_4","view","l10n_br.ativo","True","base.main_company"
"account_demo_13","1.1.01.04.0001","Banco Título de Capitalização","account_demo_12","other","l10n_br.ativo","True","base.main_company"
"account_demo_14","1.1.02","CRÉDITOS","account_demo_3","view","l10n_br.ativo","True","base.main_company"
"account_demo_15","1.1.02.01","CLIENTES NACIONAIS","account_demo_14","view","l10n_br.ativo","True","base.main_company"
"account.a_recv","1.1.02.01.0001","Clientes Nacionais","account_demo_15","receivable","l10n_br.ativo","True","base.main_company"
"account_demo_17","1.1.02.02","CLIENTES NO EXTERIOR","account_demo_14","view","l10n_br.ativo","True","base.main_company"
"account_demo_18","1.1.02.02.0001","Clientes Internacionais","account_demo_17","receivable","l10n_br.ativo","True","base.main_company"
"account_demo_19","1.1.02.03","OUTROS VALORES A RECEBER","account_demo_14","view","l10n_br.ativo","True","base.main_company"
"account_demo_20","1.1.02.03.0001","Outras Contas a Receber","account_demo_19","receivable","l10n_br.ativo","True","base.main_company"
"account_demo_21","1.1.02.04","DUPLICATAS CONTA VINCULADA","account_demo_14","view","l10n_br.ativo","True","base.main_company"
"account_demo_22","1.1.02.04.0001","Banco Conta Garantida","account_demo_21","other","l10n_br.ativo","True","base.main_company"
"account_demo_23","1.1.02.05","DUPLICATAS CAUCIONADAS","account_demo_14","view","l10n_br.ativo","True","base.main_company"
"account_demo_24","1.1.02.05.0001","Banco Conta Caucionada","account_demo_23","other","l10n_br.ativo","True","base.main_company"
"account_demo_25","1.1.02.06","CHEQUES DEVOLVIDOS","account_demo_14","view","l10n_br.ativo","True","base.main_company"
"account_demo_26","1.1.02.06.0001","Cheques Devolvidos","account_demo_25","other","l10n_br.ativo","True","base.main_company"
"account_demo_27","1.1.02.07","ADIANTAMENTOS","account_demo_14","view","l10n_br.ativo","True","base.main_company"
"account_demo_28","1.1.02.07.0002","Adiantamento de Salários","account_demo_27","other","l10n_br.ativo","True","base.main_company"
"account_demo_29","1.1.02.07.0003","Adiantamento Despesa de Viagem","account_demo_27","other","l10n_br.ativo","True","base.main_company"
"account_demo_30","1.1.02.07.0004","Adiantamento de Férias","account_demo_27","other","l10n_br.ativo","True","base.main_company"
"account_demo_31","1.1.02.07.0005","Adiantamento 13º Salário","account_demo_27","other","l10n_br.ativo","True","base.main_company"
"account_demo_32","1.1.02.07.0006","Adiantamento de Pro-Labore a Diretores","account_demo_27","other","l10n_br.ativo","True","base.main_company"
"account_demo_33","1.1.02.07.0001","Adiantamento de PIS a Empregados","account_demo_27","other","l10n_br.ativo","True","base.main_company"
"account_demo_34","1.1.02.08","ADIANTAMENTO A FORNECEDORES","account_demo_14","view","l10n_br.ativo","True","base.main_company"
"account_demo_35","1.1.02.08.0001","Adiantamento a Fornecedor","account_demo_34","other","l10n_br.ativo","True","base.main_company"
"account_demo_36","1.1.02.09","IMPOSTOS E CONTRIBUIÇÕES A RECUPERAR","account_demo_14","view","l10n_br.ativo","True","base.main_company"
"account_demo_37","1.1.02.09.0001","CSLL a Recuperar/Compensar","account_demo_36","other","l10n_br.ativo","True","base.main_company"
"account_demo_38","1.1.02.09.0002","CSLL a Compensar Lei 10.833/03","account_demo_36","other","l10n_br.ativo","True","base.main_company"
"account_demo_39","1.1.02.09.0003","COFINS a Recuperar/Compensar","account_demo_36","other","l10n_br.ativo","True","base.main_company"
"account_demo_40","1.1.02.09.0004","COFINS a Compensar Lei 10.833/03","account_demo_36","other","l10n_br.ativo","True","base.main_company"
"account_demo_41","1.1.02.09.0008","Crédito COFINS Não-Cumulativo","account_demo_36","other","l10n_br.ativo","True","base.main_company"
"account_demo_42","1.1.02.09.0009","ICMS a Recuperar","account_demo_36","other","l10n_br.ativo","True","base.main_company"
"account_demo_43","1.1.02.09.0010","ICMS a Recup. s/Ativo Imobilizado","account_demo_36","other","l10n_br.ativo","True","base.main_company"
"account_demo_44","1.1.02.09.0012","IPI a Recuperar/Compensar","account_demo_36","other","l10n_br.ativo","True","base.main_company"
"account_demo_45","1.1.02.09.0013","IPI a Compensar Pedido Restituição","account_demo_36","other","l10n_br.ativo","True","base.main_company"
"account_demo_46","1.1.02.09.0015","IRF s/Aplicações Financeiras","account_demo_36","other","l10n_br.ativo","True","base.main_company"
"account_demo_47","1.1.02.09.0016","IRRF a Recuperar/Compensar","account_demo_36","other","l10n_br.ativo","True","base.main_company"
"account_demo_48","1.1.02.09.0017","IRPJ a Recuperar/Compensar","account_demo_36","other","l10n_br.ativo","True","base.main_company"
"account_demo_49","1.1.02.09.0019","PIS a Recuperar/Compensar","account_demo_36","other","l10n_br.ativo","True","base.main_company"
"account_demo_50","1.1.02.09.0020","PIS a Compensar Lei 10.833/03","account_demo_36","other","l10n_br.ativo","True","base.main_company"
"account_demo_51","1.1.02.09.0022","PIS/COFINS/CSLL a Recuperar","account_demo_36","other","l10n_br.ativo","True","base.main_company"
"account_demo_52","1.1.02.09.0007","Crédito de PIS Não-Cumulativo","account_demo_36","other","l10n_br.ativo","True","base.main_company"
"account_demo_53","1.1.02.10","CRÉDITOS FISCAIS CSLL BASE CALC.NEGATIVA","account_demo_14","view","l10n_br.ativo","True","base.main_company"
"account_demo_54","1.1.02.10.0001","Base Negativa CSLL - Exerc. Anteriores","account_demo_53","other","l10n_br.ativo","True","base.main_company"
"account_demo_55","1.1.02.11","CRÉDITOS FISCAIS IRPJ-BASE CALC.NEGATIVA","account_demo_14","view","l10n_br.ativo","True","base.main_company"
"account_demo_56","1.1.02.11.0001","Base Negativa IRPJ - Exerc. Anteriores","account_demo_55","other","l10n_br.ativo","True","base.main_company"
"account_demo_57","1.1.03","ESTOQUES","account_demo_3","view","l10n_br.ativo","True","base.main_company"
"account_demo_58","1.1.03.01","ESTOQUE DE MERCADORIAS","account_demo_57","view","l10n_br.ativo","True","base.main_company"
"account_demo_59","1.1.03.01.0001","Insumos (Materiais Diretos)","account_demo_58","other","l10n_br.ativo","True","base.main_company"
"account_demo_60","1.1.03.01.0002","Material de Consumo-Almoxarifado","account_demo_58","other","l10n_br.ativo","True","base.main_company"
"account_demo_61","1.1.03.01.0003","Mercadorias para Revenda","account_demo_58","other","l10n_br.ativo","True","base.main_company"
"account_demo_62","1.1.03.01.0004","Produtos Acabados","account_demo_58","other","l10n_br.ativo","True","base.main_company"
"account_demo_63","1.1.03.01.0005","Produtos em Elaboração","account_demo_58","other","l10n_br.ativo","True","base.main_company"
"account_demo_64","1.1.03.02","(-) DEVOLUÇÕES DE COMPRAS","account_demo_57","view","l10n_br.ativo","True","base.main_company"
"account_demo_65","1.1.03.02.0001","Devoluções de Compras","account_demo_64","other","l10n_br.ativo","True","base.main_company"
"account_demo_66","1.1.03.03","TRANSFERÊNCIA DE MERCADORIAS","account_demo_57","view","l10n_br.ativo","True","base.main_company"
"account_demo_67","1.1.03.03.0001","Transferência de Mercadorias","account_demo_66","other","l10n_br.ativo","True","base.main_company"
"account_demo_68","1.1.03.04","ESTOQUE DE TERCEIROS EM NOSSO PODER","account_demo_57","view","l10n_br.ativo","True","base.main_company"
"account_demo_69","1.1.03.04.0001","Estoque de Terceiros em N/Poder","account_demo_68","other","l10n_br.ativo","True","base.main_company"
"account_demo_70","1.1.03.04.0002","Entrada P/Industrialização","account_demo_68","other","l10n_br.ativo","True","base.main_company"
"account_demo_71","1.1.03.04.0003","Entrada P/Conserto","account_demo_68","other","l10n_br.ativo","True","base.main_company"
"account_demo_72","1.1.03.04.0004","Entrada P/Demonstração","account_demo_68","other","l10n_br.ativo","True","base.main_company"
"account_demo_73","1.1.03.04.0005","Entrada P/Empréstimo","account_demo_68","other","l10n_br.ativo","True","base.main_company"
"account_demo_74","1.1.03.04.0006","Entrada em Consignação","account_demo_68","other","l10n_br.ativo","True","base.main_company"
"account_demo_75","1.1.03.04.0007","Entrada p/ Garantia","account_demo_68","other","l10n_br.ativo","True","base.main_company"
"account_demo_76","1.1.03.04.0008","Entrada p/ Locação","account_demo_68","other","l10n_br.ativo","True","base.main_company"
"account_demo_77","1.1.03.04.0009","Entrada em Comodato","account_demo_68","other","l10n_br.ativo","True","base.main_company"
"account_demo_78","1.1.03.05","NOSSO ESTOQUE EM PODER DE TERCEIROS","account_demo_57","view","l10n_br.ativo","True","base.main_company"
"account_demo_79","1.1.03.05.0001","N/Estoque em Poder de Terceiros","account_demo_78","other","l10n_br.ativo","True","base.main_company"
"account_demo_80","1.1.03.05.0002","Remessa P/Industrialização","account_demo_78","other","l10n_br.ativo","True","base.main_company"
"account_demo_81","1.1.03.05.0003","Remessa P/Conserto","account_demo_78","other","l10n_br.ativo","True","base.main_company"
"account_demo_82","1.1.03.05.0004","Remessa P/Demonstração","account_demo_78","other","l10n_br.ativo","True","base.main_company"
"account_demo_83","1.1.03.05.0005","Remessa P/Exposição","account_demo_78","other","l10n_br.ativo","True","base.main_company"
"account_demo_84","1.1.03.05.0006","Remessa P/Empréstimo","account_demo_78","other","l10n_br.ativo","True","base.main_company"
"account_demo_85","1.1.03.05.0007","Remessa em Consignação","account_demo_78","other","l10n_br.ativo","True","base.main_company"
"account_demo_86","1.1.03.05.0008","Remessa P/Locação","account_demo_78","other","l10n_br.ativo","True","base.main_company"
"account_demo_87","1.1.03.05.0009","Remessa em Garantia","account_demo_78","other","l10n_br.ativo","True","base.main_company"
"account_demo_88","1.1.03.06","(-) IMPOSTOS S/ESTOQUE DE TERCEIROS","account_demo_57","view","l10n_br.ativo","True","base.main_company"
"account_demo_89","1.1.03.06.0001","(-) ICMS s/Estoque de Terceiros","account_demo_88","other","l10n_br.ativo","True","base.main_company"
"account_demo_90","1.1.03.06.0002","(-) IPI s/Estoque de Terceiros","account_demo_88","other","l10n_br.ativo","True","base.main_company"
"account_demo_91","1.1.03.07","IMPORTAÇÕES EM ANDAMENTO","account_demo_57","view","l10n_br.ativo","True","base.main_company"
"account_demo_92","1.1.03.07.0001","D.I. nº 0000000-0 Importação","account_demo_91","other","l10n_br.ativo","True","base.main_company"
"account_demo_93","1.1.03.08","COMPRAS PARA ENTREGA FUTURA","account_demo_57","view","l10n_br.ativo","True","base.main_company"
"account_demo_94","1.1.03.08.0001","Compras p/Entrega Futura","account_demo_93","other","l10n_br.ativo","True","base.main_company"
"account_demo_95","1.1.04","DESPESAS DO EXERCÍCIO SEGUINTE","account_demo_3","view","l10n_br.ativo","True","base.main_company"
"account_demo_96","1.1.04.01","SEGUROS A APROPRIAR","account_demo_95","view","l10n_br.ativo","True","base.main_company"
"account_demo_97","1.1.04.01.0001","Seguros de Veículos","account_demo_96","other","l10n_br.ativo","True","base.main_company"
"account_demo_98","1.1.04.01.0002","Seguros Prédios/Bens/Estoques","account_demo_96","other","l10n_br.ativo","True","base.main_company"
"account_demo_99","1.1.04.01.0003","Seguros s/Lucros Cessantes","account_demo_96","other","l10n_br.ativo","True","base.main_company"
"account_demo_100","1.1.04.02","ASSINATURAS A APROPRIAR","account_demo_95","view","l10n_br.ativo","True","base.main_company"
"account_demo_101","1.1.04.02.0001","Assinaturas de Jornais/Boletins/Revistas","account_demo_100","other","l10n_br.ativo","True","base.main_company"
"account_demo_102","1.1.04.03","DESPESAS FINANCEIRAS A APROPRIAR","account_demo_95","view","l10n_br.ativo","True","base.main_company"
"account_demo_103","1.1.04.03.0001","Juros s/ Financiamentos a Apropriar","account_demo_102","other","l10n_br.ativo","True","base.main_company"
"account_demo_104","1.1.05","CONTAS RETIFICADORAS","account_demo_3","view","l10n_br.ativo","True","base.main_company"
"account_demo_105","1.1.05.01","(-) DUPLICATAS DESCONTADAS","account_demo_104","view","l10n_br.ativo","True","base.main_company"
"account_demo_106","1.1.05.01.0001","(-) Banco Conta - Duplicata Descontada","account_demo_105","other","l10n_br.ativo","True","base.main_company"
"account_demo_107","1.2","ATIVO NÃO CIRCULANTE","account.assets_view","view","l10n_br.ativo","True","base.main_company"
"account_demo_108","1.2.01","REALIZÁVEL  A LONGO PRAZO","account_demo_107","view","l10n_br.ativo","True","base.main_company"
"account_demo_109","1.2.01.01","VALORES MOBILIÁRIOS-MERC.CAP.INTERNO","account_demo_108","view","l10n_br.ativo","True","base.main_company"
"account_demo_110","1.2.01.01.0001","Aplicações Nacionais","account_demo_109","other","l10n_br.ativo","True","base.main_company"
"account_demo_111","1.2.01.02","DÉBITOS DE SÓCIOS","account_demo_108","view","l10n_br.ativo","True","base.main_company"
"account_demo_112","1.2.01.02.0001","Sócio","account_demo_111","other","l10n_br.ativo","True","base.main_company"
"account_demo_113","1.2.01.03","EMPRÉSTIMOS A EMPRESAS LIGADAS","account_demo_108","view","l10n_br.ativo","True","base.main_company"
"account_demo_114","1.2.01.03.0001","Empresa Ligada","account_demo_113","other","l10n_br.ativo","True","base.main_company"
"account_demo_115","1.2.01.04","EMPRÉSTIMOS A TERCEIROS","account_demo_108","view","l10n_br.ativo","True","base.main_company"
"account_demo_116","1.2.01.04.0001","Empréstimo de Terceiros","account_demo_115","other","l10n_br.ativo","True","base.main_company"
"account_demo_117","1.2.01.05","DEPÓSITOS JUDICIAIS","account_demo_108","view","l10n_br.ativo","True","base.main_company"
"account_demo_118","1.2.01.05.0001","Depósitos Judiciais","account_demo_117","other","l10n_br.ativo","True","base.main_company"
"account_demo_119","1.2.02","INVESTIMENTOS","account_demo_107","view","l10n_br.ativo","True","base.main_company"
"account_demo_120","1.2.02.01","PARTICIPAÇÕES SOCIETÁRIAS","account_demo_119","view","l10n_br.ativo","True","base.main_company"
"account_demo_121","1.2.02.01.0001","Participação Societárias","account_demo_120","other","l10n_br.ativo","True","base.main_company"
"account_demo_122","1.2.03","IMOBILIZADO - MATRIZ","account_demo_107","view","l10n_br.ativo","True","base.main_company"
"account_demo_123","1.2.03.01","IMOBILIZADO","account_demo_122","view","l10n_br.ativo","True","base.main_company"
"account_demo_124","1.2.03.01.0001","Máquinas e Equipamentos ","account_demo_123","other","l10n_br.ativo","True","base.main_company"
"account_demo_125","1.2.03.01.0002","Terrenos","account_demo_123","other","l10n_br.ativo","True","base.main_company"
"account_demo_126","1.2.03.01.0003","Ferramentas","account_demo_123","other","l10n_br.ativo","True","base.main_company"
"account_demo_127","1.2.03.01.0004","Modelos, Moldes e Matrizes","account_demo_123","other","l10n_br.ativo","True","base.main_company"
"account_demo_128","1.2.03.01.0005","Móveis e Utensílios","account_demo_123","other","l10n_br.ativo","True","base.main_company"
"account_demo_129","1.2.03.01.0006","Veículos","account_demo_123","other","l10n_br.ativo","True","base.main_company"
"account_demo_130","1.2.03.01.0007","Equipamentos de Informática","account_demo_123","other","l10n_br.ativo","True","base.main_company"
"account_demo_131","1.2.03.01.0008","Instalações","account_demo_123","other","l10n_br.ativo","True","base.main_company"
"account_demo_132","1.2.03.01.0009","Benfeitoria em Imóveis de Terceiros","account_demo_123","other","l10n_br.ativo","True","base.main_company"
"account_demo_133","1.2.03.01.0010","Direito de Uso Linhas Telefônicas","account_demo_123","other","l10n_br.ativo","True","base.main_company"
"account_demo_134","1.2.03.01.0011","Edifícios e Construções","account_demo_123","other","l10n_br.ativo","True","base.main_company"
"account_demo_135","1.2.03.02","CONSTRUÇÕES EM ANDAMENTO","account_demo_122","view","l10n_br.ativo","True","base.main_company"
"account_demo_136","1.2.03.02.0001","Imóvel","account_demo_135","other","l10n_br.ativo","True","base.main_company"
"account_demo_137","1.2.03.04","PARTICIPAÇÃO EM CONSÓRCIOS","account_demo_122","view","l10n_br.ativo","True","base.main_company"
"account_demo_138","1.2.03.04.0001","Consórcio","account_demo_137","other","l10n_br.ativo","True","base.main_company"
"account_demo_139","1.2.03.05","(-) DEPRECIAÇÃO ACUMULADA","account_demo_122","view","l10n_br.ativo","True","base.main_company"
"account_demo_140","1.2.03.05.0001","Deprec.de Máquinas e Equipamentos","account_demo_139","other","l10n_br.ativo","True","base.main_company"
"account_demo_141","1.2.03.05.0002","Deprec.de Modelos, Moldes e Matrizes","account_demo_139","other","l10n_br.ativo","True","base.main_company"
"account_demo_142","1.2.03.05.0003","Deprec.de Móveis e Utensílios","account_demo_139","other","l10n_br.ativo","True","base.main_company"
"account_demo_143","1.2.03.05.0004","Deprec.de Veículos","account_demo_139","other","l10n_br.ativo","True","base.main_company"
"account_demo_144","1.2.03.05.0005","Deprec.de Equip.de Informática","account_demo_139","other","l10n_br.ativo","True","base.main_company"
"account_demo_145","1.2.03.05.0006","Deprec.de Instalações","account_demo_139","other","l10n_br.ativo","True","base.main_company"
"account_demo_146","1.2.03.05.0007","Deprec.de Ferramentas","account_demo_139","other","l10n_br.ativo","True","base.main_company"
"account_demo_147","1.2.03.05.0008","Deprec.de Edificações","account_demo_139","other","l10n_br.ativo","True","base.main_company"
"account_demo_148","1.2.03.06","(-) AMORTIZAÇÃO ACUMULADA","account_demo_122","view","l10n_br.ativo","True","base.main_company"
"account_demo_149","1.2.03.06.0001","Amortiz.Benfeit.em Imóveis de Terceiros","account_demo_148","other","l10n_br.ativo","True","base.main_company"
"account_demo_150","1.2.03.06.0002","Amortiz.Direito Uso Linhas Telefônica","account_demo_148","other","l10n_br.ativo","True","base.main_company"
"account_demo_151","1.2.03.07","ICMS S/IMOBILIZADO-PARCELA NÃO CREDITADA","account_demo_122","view","l10n_br.ativo","True","base.main_company"
"account_demo_152","1.2.03.07.0001","ICMS s/ Imobilizado parc. não creditável","account_demo_151","other","l10n_br.ativo","True","base.main_company"
"account_demo_153","1.2.03.07.0002","(-) Amortização ICMS não creditado","account_demo_151","other","l10n_br.ativo","True","base.main_company"
"account_demo_154","1.2.04","IMOBILIZADO - FILIAL","account_demo_107","view","l10n_br.ativo","True","base.main_company"
"account_demo_155","1.2.04.01","IMOBILIZADO","account_demo_154","view","l10n_br.ativo","True","base.main_company"
"account_demo_156","1.2.04.01.0001","Máquinas e Equipamentos","account_demo_155","other","l10n_br.ativo","True","base.main_company"
"account_demo_157","1.2.04.01.0002","Terrenos","account_demo_155","other","l10n_br.ativo","True","base.main_company"
"account_demo_158","1.2.04.01.0003","Ferramentas","account_demo_155","other","l10n_br.ativo","True","base.main_company"
"account_demo_159","1.2.04.01.0004","Edifícios","account_demo_155","other","l10n_br.ativo","True","base.main_company"
"account_demo_160","1.2.04.01.0005","Móveis e Utensílios","account_demo_155","other","l10n_br.ativo","True","base.main_company"
"account_demo_161","1.2.04.01.0006","Veículos","account_demo_155","other","l10n_br.ativo","True","base.main_company"
"account_demo_162","1.2.04.01.0007","Equipamentos de Informática","account_demo_155","other","l10n_br.ativo","True","base.main_company"
"account_demo_163","1.2.04.01.0008","Instalações","account_demo_155","other","l10n_br.ativo","True","base.main_company"
"account_demo_164","1.2.04.02","(-) DEPRECIAÇÃO ACUMULADA - FILIAL","account_demo_154","view","l10n_br.ativo","True","base.main_company"
"account_demo_165","1.2.04.02.0001","Deprec.de Máquinas e Equipamentos","account_demo_164","other","l10n_br.ativo","True","base.main_company"
"account_demo_166","1.2.04.02.0003","Deprec.de Móveis e Utensílios","account_demo_164","other","l10n_br.ativo","True","base.main_company"
"account_demo_167","1.2.04.02.0004","Deprec.de Veículos","account_demo_164","other","l10n_br.ativo","True","base.main_company"
"account_demo_168","1.2.04.02.0005","Deprec.de Equip.de Informática","account_demo_164","other","l10n_br.ativo","True","base.main_company"
"account_demo_169","1.2.04.02.0006","Deprec.de Instalações","account_demo_164","other","l10n_br.ativo","True","base.main_company"
"account_demo_170","1.2.04.02.0007","Deprec.de Ferramentas","account_demo_164","other","l10n_br.ativo","True","base.main_company"
"account_demo_171","1.2.04.02.0008","Deprec.de Edifícios","account_demo_164","other","l10n_br.ativo","True","base.main_company"
"account_demo_172","1.2.04.03","(-) AMORTIZAÇÃO ACUMULADA - FILIAL","account_demo_154","view","l10n_br.ativo","True","base.main_company"
"account_demo_173","1.2.04.03.0001","Amortização Acumulada","account_demo_172","other","l10n_br.ativo","True","base.main_company"
"account_demo_174","1.2.05","BENS INTAGÍVEIS - MATRIZ","account_demo_107","view","l10n_br.ativo","True","base.main_company"
"account_demo_175","1.2.05.01","INTANGÍVEL","account_demo_174","view","l10n_br.ativo","True","base.main_company"
"account_demo_176","1.2.05.01.0001","Marcas e Patentes","account_demo_175","other","l10n_br.ativo","True","base.main_company"
"account_demo_177","1.2.05.01.0002","Softwares","account_demo_175","other","l10n_br.ativo","True","base.main_company"
"account_demo_178","1.2.05.02","(-) AMORTIZAÇÃO DO INTANGÍVEL","account_demo_174","view","l10n_br.ativo","True","base.main_company"
"account_demo_179","1.2.05.02.0001","Amortiz.de Marcas e Patentes","account_demo_178","other","l10n_br.ativo","True","base.main_company"
"account_demo_180","1.2.05.02.0002","Amortização de Softwares","account_demo_178","other","l10n_br.ativo","True","base.main_company"
"account_demo_181","1.2.06","BENS INTANGÍVEIS - FILIAL","account_demo_107","view","l10n_br.ativo","True","base.main_company"
"account_demo_182","1.2.06.01","INTANGÍVEL","account_demo_181","view","l10n_br.ativo","True","base.main_company"
"account_demo_183","1.2.06.01.0001","Softwares","account_demo_182","other","l10n_br.ativo","True","base.main_company"
"account_demo_184","1.2.06.02","(-) AMORTIZAÇÃO DO INTANGÍVEL","account_demo_181","view","l10n_br.ativo","True","base.main_company"
"account_demo_185","1.2.06.02.0001","Amortização de Softwares","account_demo_184","other","l10n_br.ativo","True","base.main_company"
"account_demo_186","1.2.07","TRANSFERÊNCIAS DE ATIVO IMOBILIZADO","account_demo_107","view","l10n_br.ativo","True","base.main_company"
"account_demo_187","1.2.07.01","TRANSFERÊNCIA DE ATIVO IMOBILIZADO","account_demo_186","view","l10n_br.ativo","True","base.main_company"
"account_demo_188","1.2.07.01.0001","Transferência de Ativo Imobilizado","account_demo_187","other","l10n_br.ativo","True","base.main_company"
"account_demo_189","1.2.08","DIFERIDO","account_demo_107","view","l10n_br.ativo","True","base.main_company"
"account_demo_190","1.2.08.01","DESPESAS PRÉ-INDUSTRIAIS","account_demo_189","view","l10n_br.ativo","True","base.main_company"
"account_demo_191","1.2.08.01.0001","Gastos Gerais de Implantação","account_demo_190","other","l10n_br.ativo","True","base.main_company"
"account_demo_192","1.2.08.01.0002","(-) Amortização Acumulada","account_demo_190","other","l10n_br.ativo","True","base.main_company"
"account_demo_193","_2","PASSIVO","account.chart0","view","l10n_br.passivo","True","base.main_company"
"account_demo_194","2.1","CIRCULANTE","account_demo_193","view","l10n_br.passivo","True","base.main_company"
"account_demo_195","2.1.01","OBRIGAÇÕES A CURTO PRAZO","account_demo_194","view","l10n_br.passivo","True","base.main_company"
"account_demo_196","2.1.01.01","FINANCIAMENTOS A CURTO PRAZO - SFN","account_demo_195","view","l10n_br.passivo","True","base.main_company"
"account_demo_197","2.1.01.01.0001","Banco Conta Empréstimo","account_demo_196","other","l10n_br.passivo","True","base.main_company"
"account_demo_198","2.1.01.02","CHEQUES A COMPENSAR","account_demo_195","view","l10n_br.passivo","True","base.main_company"
"account_demo_199","2.1.01.02.0001","Banco Conta a Compensar","account_demo_198","other","l10n_br.passivo","True","base.main_company"
"account_demo_200","2.1.01.03","LIMITE DE CRÉDITO CHEQUE ESPECIAL","account_demo_195","view","l10n_br.passivo","True","base.main_company"
"account_demo_201","2.1.01.03.0001","Banco Conta Limite","account_demo_200","other","l10n_br.passivo","True","base.main_company"
"account_demo_202","2.1.02","FORNECEDORES ","account_demo_194","view","l10n_br.passivo","True","base.main_company"
"account_demo_203","2.1.02.01","FORNECEDORES NACIONAIS","account_demo_202","view","l10n_br.passivo","True","base.main_company"
"account.a_pay","2.1.02.01.0001","Fornecedores Nacionais","account_demo_203","payable","l10n_br.passivo","True","base.main_company"
"account_demo_205","2.1.02.02","FORNECEDORES ESTRANGEIROS","account_demo_202","view","l10n_br.passivo","True","base.main_company"
"account_demo_206","2.1.02.02.0001","Fornecedores Internacionais","account_demo_205","payable","l10n_br.passivo","True","base.main_company"
"account_demo_207","2.1.03","OBRIGAÇÕES TRABALHISTAS","account_demo_194","view","l10n_br.passivo","True","base.main_company"
"account_demo_208","2.1.03.01","FOLHA DE PAGAMENTO - EMPREGADOS","account_demo_207","view","l10n_br.passivo","True","base.main_company"
"account_demo_209","2.1.03.01.0001","Salários a Pagar","account_demo_208","other","l10n_br.passivo","True","base.main_company"
"account_demo_210","2.1.03.01.0002","Férias a Pagar","account_demo_208","other","l10n_br.passivo","True","base.main_company"
"account_demo_211","2.1.03.01.0003","Rescisões a Pagar","account_demo_208","other","l10n_br.passivo","True","base.main_company"
"account_demo_212","2.1.03.01.0004","13º Salário a Pagar","account_demo_208","other","l10n_br.passivo","True","base.main_company"
"account_demo_213","2.1.03.01.0005","Comissões a Pagar","account_demo_208","other","l10n_br.passivo","True","base.main_company"
"account_demo_214","2.1.03.02","PROVISÕES DE FÉRIAS E 13º SALÁRIO","account_demo_207","view","l10n_br.passivo","True","base.main_company"
"account_demo_215","2.1.03.02.0001","Provisão de Férias","account_demo_214","other","l10n_br.passivo","True","base.main_company"
"account_demo_216","2.1.03.02.0002","Provisão de INSS s/Férias","account_demo_214","other","l10n_br.passivo","True","base.main_company"
"account_demo_217","2.1.03.02.0003","Provisão de FGTS s/Férias","account_demo_214","other","l10n_br.passivo","True","base.main_company"
"account_demo_218","2.1.03.02.0004","Provisão de 13º Salário","account_demo_214","other","l10n_br.passivo","True","base.main_company"
"account_demo_219","2.1.03.02.0005","Provisão de INSS s/13º Salário","account_demo_214","other","l10n_br.passivo","True","base.main_company"
"account_demo_220","2.1.03.02.0006","Provisão FGTS s/13º Salário","account_demo_214","other","l10n_br.passivo","True","base.main_company"
"account_demo_221","2.1.03.03","FOLHA DE PAGAMENTO - AUTÔNOMOS","account_demo_207","view","l10n_br.passivo","True","base.main_company"
"account_demo_222","2.1.03.03.0001","Rendimentos a Pagar","account_demo_221","other","l10n_br.passivo","True","base.main_company"
"account_demo_223","2.1.03.04","FOLHA DE PAGAMENTO - DIRIGENTES","account_demo_207","view","l10n_br.passivo","True","base.main_company"
"account_demo_224","2.1.03.04.0001","Pro-Labore a Pagar","account_demo_223","other","l10n_br.passivo","True","base.main_company"
"account_demo_225","2.1.03.05","ENCARGOS SOCIAIS A PAGAR","account_demo_207","view","l10n_br.passivo","True","base.main_company"
"account_demo_226","2.1.03.05.0001","INSS a Recolher","account_demo_225","other","l10n_br.passivo","True","base.main_company"
"account_demo_227","2.1.03.05.0002","FGTS a Recolher","account_demo_225","other","l10n_br.passivo","True","base.main_company"
"account_demo_228","2.1.03.05.0003","Contribuição Sindical a Pagar","account_demo_225","other","l10n_br.passivo","True","base.main_company"
"account_demo_229","2.1.03.05.0004","Previdência Privada a Recolher","account_demo_225","other","l10n_br.passivo","True","base.main_company"
"account_demo_230","2.1.04","OBRIGAÇÕES TRIBUTÁRIAS","account_demo_194","view","l10n_br.passivo","True","base.main_company"
"account_demo_231","2.1.04.01","IMPOSTOS RETIDOS A RECOLHER","account_demo_230","view","l10n_br.passivo","True","base.main_company"
"account_demo_232","2.1.04.01.0001","IRRF a Recolher - Pessoa Física","account_demo_231","other","l10n_br.passivo","True","base.main_company"
"account_demo_233","2.1.04.01.0002","IRRF a Recolher - Pessoa Jurídica","account_demo_231","other","l10n_br.passivo","True","base.main_company"
"account_demo_234","2.1.04.01.0003","ISS Retido a Recolher","account_demo_231","other","l10n_br.passivo","True","base.main_company"
"account_demo_235","2.1.04.01.0004","PIS/COFINS/CSLL Retido a Recolher","account_demo_231","other","l10n_br.passivo","True","base.main_company"
"account_demo_236","2.1.04.01.0005","INSS Retido a Recolher","account_demo_231","other","l10n_br.passivo","True","base.main_company"
"account_demo_237","2.1.04.02","IMPOSTOS E CONTRIBUIÇÃO S/ O LUCRO","account_demo_230","view","l10n_br.passivo","True","base.main_company"
"account_demo_238","2.1.04.02.0001","Provisão para o Imposto de Renda","account_demo_237","other","l10n_br.passivo","True","base.main_company"
"account_demo_239","2.1.04.02.0002","Provisão Contrib.Social s/Lucro Líquido","account_demo_237","other","l10n_br.passivo","True","base.main_company"
"account_demo_240","2.1.04.03","IMPOSTOS E CONTRIBUIÇÃO S/ RECEITAS","account_demo_230","view","l10n_br.passivo","True","base.main_company"
"account_demo_241","2.1.04.03.0001","ICMS a Recolher","account_demo_240","other","l10n_br.passivo","True","base.main_company"
"account_demo_242","2.1.04.03.0002","COFINS a Recolher","account_demo_240","other","l10n_br.passivo","True","base.main_company"
"account_demo_243","2.1.04.03.0003","PIS a Recolher","account_demo_240","other","l10n_br.passivo","True","base.main_company"
"account_demo_244","2.1.04.03.0004","IPI  a Recolher","account_demo_240","other","l10n_br.passivo","True","base.main_company"
"account_demo_245","2.1.04.03.0005","ISS a Recolher","account_demo_240","other","l10n_br.passivo","True","base.main_company"
"account_demo_246","2.1.05","PARCELAMENTOS CURTO PRAZO","account_demo_194","view","l10n_br.passivo","True","base.main_company"
"account_demo_247","2.1.05.01","PARCELAMENTOS TRIBUTÁRIOS","account_demo_246","view","l10n_br.passivo","True","base.main_company"
"account_demo_248","2.1.05.01.0001","COFINS Parcelamento","account_demo_247","other","l10n_br.passivo","True","base.main_company"
"account_demo_249","2.1.05.01.0002","PIS Parcelamento","account_demo_247","other","l10n_br.passivo","True","base.main_company"
"account_demo_250","2.1.05.01.0003","IPI Parcelamento","account_demo_247","other","l10n_br.passivo","True","base.main_company"
"account_demo_251","2.1.05.01.0004","ICMS Parcelamento","account_demo_247","other","l10n_br.passivo","True","base.main_company"
"account_demo_252","2.1.05.01.0005","IRPJ Parcelamento","account_demo_247","other","l10n_br.passivo","True","base.main_company"
"account_demo_253","2.1.05.01.0006","CSLL Parcelamento","account_demo_247","other","l10n_br.passivo","True","base.main_company"
"account_demo_254","2.1.05.01.0007","INSS Parcelamento","account_demo_247","other","l10n_br.passivo","True","base.main_company"
"account_demo_255","2.1.05.01.0008","FGTS Parcelamento","account_demo_247","other","l10n_br.passivo","True","base.main_company"
"account_demo_256","2.1.06","OUTRAS OBRIGAÇÕES","account_demo_194","view","l10n_br.passivo","True","base.main_company"
"account_demo_257","2.1.06.01","CONTAS DE CONSUMO","account_demo_256","view","l10n_br.passivo","True","base.main_company"
"account_demo_258","2.1.06.01.0001","Consumo de Água/Esgoto","account_demo_257","other","l10n_br.passivo","True","base.main_company"
"account_demo_259","2.1.06.01.0003","Consumo de Energia Elétrica","account_demo_257","other","l10n_br.passivo","True","base.main_company"
"account_demo_260","2.1.06.01.0004","Consumo de Telefone","account_demo_257","other","l10n_br.passivo","True","base.main_company"
"account_demo_261","2.1.06.01.0005","Consumo de Internet","account_demo_257","other","l10n_br.passivo","True","base.main_company"
"account_demo_262","2.1.06.02","OUTRAS CONTAS A PAGAR","account_demo_256","view","l10n_br.passivo","True","base.main_company"
"account_demo_263","2.1.06.02.0001","Cheques a Compensar","account_demo_262","other","l10n_br.passivo","True","base.main_company"
"account_demo_264","2.1.06.02.0002","Seguros a Pagar","account_demo_262","other","l10n_br.passivo","True","base.main_company"
"account_demo_265","2.1.06.02.0003","Assinaturas de Periódicos a Pagar","account_demo_262","other","l10n_br.passivo","True","base.main_company"
"account_demo_266","2.1.06.02.0004","Aluguel a Pagar","account_demo_262","other","l10n_br.passivo","True","base.main_company"
"account_demo_267","2.1.06.02.0005","Doações a Pagar","account_demo_262","other","l10n_br.passivo","True","base.main_company"
"account_demo_268","2.1.06.02.0006","Pensão Alimenticia a Pagar","account_demo_262","other","l10n_br.passivo","True","base.main_company"
"account_demo_269","2.1.06.03","ADIANTAMENTO DE CLIENTES","account_demo_256","view","l10n_br.passivo","True","base.main_company"
"account_demo_270","2.1.06.03.0001","Adiantamento Clientes","account_demo_269","other","l10n_br.passivo","True","base.main_company"
"account_demo_271","2.2","PASSIVO NÃO CIRCULANTE","account_demo_193","view","l10n_br.passivo","True","base.main_company"
"account_demo_272","2.2.01","EXIGÍVEL A LONGO PRAZO","account_demo_271","view","l10n_br.passivo","True","base.main_company"
"account_demo_273","2.2.01.01","FINANCIAMENTOS A LONGO PRAZO - SFN","account_demo_272","view","l10n_br.passivo","True","base.main_company"
"account_demo_274","2.2.01.01.0001","Banco Conta Empréstimo","account_demo_273","other","l10n_br.passivo","True","base.main_company"
"account_demo_275","2.2.01.02","EMPRÉSTIMO DE SÓCIOS","account_demo_272","view","l10n_br.passivo","True","base.main_company"
"account_demo_276","2.2.01.02.0001","Sócio","account_demo_275","other","l10n_br.passivo","True","base.main_company"
"account_demo_277","2.2.01.03","EMPRÉSTIMO DE EMPRESAS LIGADAS","account_demo_272","view","l10n_br.passivo","True","base.main_company"
"account_demo_278","2.2.01.03.0001","Empresas Ligadas","account_demo_277","other","l10n_br.passivo","True","base.main_company"
"account_demo_279","2.2.01.04","EMPRÉSTIMOS A TERCEIROS","account_demo_272","view","l10n_br.passivo","True","base.main_company"
"account_demo_280","2.2.01.04.0001","Terceiro","account_demo_279","other","l10n_br.passivo","True","base.main_company"
"account_demo_281","2.2.01.05","PARCELAMENTOS TRIBUTÁRIOS","account_demo_272","view","l10n_br.passivo","True","base.main_company"
"account_demo_282","2.2.01.05.0001","COFINS Parcelamento","account_demo_281","other","l10n_br.passivo","True","base.main_company"
"account_demo_283","2.2.01.05.0002","PIS Parcelamento","account_demo_281","other","l10n_br.passivo","True","base.main_company"
"account_demo_284","2.2.01.05.0003","IPI Parcelamento","account_demo_281","other","l10n_br.passivo","True","base.main_company"
"account_demo_285","2.2.01.05.0004","ICMS Parcelamento","account_demo_281","other","l10n_br.passivo","True","base.main_company"
"account_demo_286","2.2.01.05.0005","ISS Parcelamento","account_demo_281","other","l10n_br.passivo","True","base.main_company"
"account_demo_287","2.2.01.05.0006","IRPJ Parcelamento","account_demo_281","other","l10n_br.passivo","True","base.main_company"
"account_demo_288","2.2.01.05.0007","CSLL Parcelamento","account_demo_281","other","l10n_br.passivo","True","base.main_company"
"account_demo_289","2.2.01.05.0008","INSS Parcelamento","account_demo_281","other","l10n_br.passivo","True","base.main_company"
"account_demo_290","2.2.01.05.0009","FGTS Parcelamento","account_demo_281","other","l10n_br.passivo","True","base.main_company"
"account_demo_291","2.2.03","RECEITA DIFERIDA","account_demo_271","view","l10n_br.passivo","True","base.main_company"
"account_demo_292","2.2.03.01","RECEITAS DIFERIDAS","account_demo_291","view","l10n_br.passivo","True","base.main_company"
"account_demo_293","2.2.03.01.0001","Receitas a Realizar","account_demo_292","other","l10n_br.passivo","True","base.main_company"
"account_demo_294","2.2.03.02","CUSTOS DIFERIDOS","account_demo_291","view","l10n_br.passivo","True","base.main_company"
"account_demo_295","2.2.03.02.0001","Custos Diferidos","account_demo_294","other","l10n_br.passivo","True","base.main_company"
"account_demo_296","2.2.03.03","DESPESAS DIFERIDAS","account_demo_291","view","l10n_br.passivo","True","base.main_company"
"account_demo_297","2.2.03.03.0001","Despesas Diferidas","account_demo_296","other","l10n_br.passivo","True","base.main_company"
"account_demo_298","2.4","PATRIMÔNIO LÍQUIDO","account_demo_193","view","l10n_br.passivo","True","base.main_company"
"account_demo_299","2.4.01","CAPITAL SOCIAL","account_demo_298","view","l10n_br.passivo","True","base.main_company"
"account_demo_300","2.4.01.01","CAPITAL SOCIAL REALIZADO","account_demo_299","view","l10n_br.passivo","True","base.main_company"
"account_demo_301","2.4.01.01.0001","Capital Social Realizado","account_demo_300","other","l10n_br.passivo","True","base.main_company"
"account_demo_302","2.4.01.02","(-) CAPITAL A REALIZAR","account_demo_299","view","l10n_br.passivo","True","base.main_company"
"account_demo_303","2.4.01.02.0001","Capital Social a Realizar ","account_demo_302","other","l10n_br.passivo","True","base.main_company"
"account_demo_304","2.4.02","RESERVAS","account_demo_298","view","l10n_br.passivo","True","base.main_company"
"account_demo_305","2.4.02.01","RESERVAS DE CAPITAL","account_demo_304","view","l10n_br.passivo","True","base.main_company"
"account_demo_306","2.4.02.01.0001","Reserva de Correção do Capital Realizado","account_demo_305","other","l10n_br.passivo","True","base.main_company"
"account_demo_307","2.4.02.02","AJUSTES DE AVALIAÇÃO PATRIMONIAL","account_demo_304","view","l10n_br.passivo","True","base.main_company"
"account_demo_308","2.4.02.02.0001","Ajustes de Avaliação Patrimonial","account_demo_307","other","l10n_br.passivo","True","base.main_company"
"account_demo_309","2.4.02.03","RESERVAS DE LUCROS","account_demo_304","view","l10n_br.passivo","True","base.main_company"
"account_demo_310","2.4.02.03.0001","Reserva de Lucros","account_demo_309","other","l10n_br.passivo","True","base.main_company"
"account_demo_311","2.4.02.03.0002","Reserva para Aumento de Capital","account_demo_309","other","l10n_br.passivo","True","base.main_company"
"account_demo_312","2.4.02.04","PREJUÍZOS ACUMULADOS","account_demo_304","view","l10n_br.passivo","True","base.main_company"
"account_demo_313","2.4.02.04.0002","(-) Prejuízos Acumulados","account_demo_312","other","l10n_br.passivo","True","base.main_company"
"account_demo_314","2.4.02.04.0003","Ajustes Credores Exercícios Anteriores","account_demo_312","other","l10n_br.passivo","True","base.main_company"
"account_demo_315","2.4.02.04.0001","Ajustes Devedores Exercícios Anteriores","account_demo_312","other","l10n_br.passivo","True","base.main_company"
"account_demo_316","2.4.02.05","RESULTADO DO EXERCÍCIO","account_demo_304","view","l10n_br.passivo","True","base.main_company"
"account_demo_317","2.4.02.05.0001","Lucro do Exercício","account_demo_316","other","l10n_br.passivo","True","base.main_company"
"account_demo_318","2.4.02.05.0002","Prejuízo do Exercício","account_demo_316","other","l10n_br.passivo","True","base.main_company"
"account_demo_319","2.4.02.06","(-) LUCROS DISTRIBUÍDOS","account_demo_304","view","l10n_br.passivo","True","base.main_company"
"account_demo_320","2.4.02.06.0001","Lucros Distribuídos","account_demo_319","other","l10n_br.passivo","True","base.main_company"
"account_demo_321","_3","CONTAS DE RESULTADO - CUSTOS E DESPESAS","account.chart0","view","l10n_br.despesa","True","base.main_company"
"account_demo_322","3.1","CUSTOS","account_demo_321","view","l10n_br.despesa","True","base.main_company"
"account_demo_323","3.1.01","CUSTOS DAS MERCADORIAS E PRODUTOS","account_demo_322","view","l10n_br.despesa","True","base.main_company"
"account_demo_324","3.1.01.01","CUSTOS DAS MERCADORIAS VENDIDAS","account_demo_323","view","l10n_br.despesa","True","base.main_company"
"account_demo_325","3.1.01.01.0001","Custo das Mercadorias Vendidas","account_demo_324","other","l10n_br.despesa","True","base.main_company"
"account_demo_326","3.1.02","CUSTO DOS PRODUTOS VENDIDOS","account_demo_322","view","l10n_br.despesa","True","base.main_company"
"account_demo_327","3.1.02.01","CUSTO DAS MATÉRIAS PRIMAS","account_demo_326","view","l10n_br.despesa","True","base.main_company"
"account_demo_328","3.1.02.01.0001","Custo das Matérias Primas","account_demo_327","other","l10n_br.despesa","True","base.main_company"
"account_demo_329","3.1.02.02","CUSTO DOS PRODUTOS ACABADOS","account_demo_326","view","l10n_br.despesa","True","base.main_company"
"account_demo_330","3.1.02.02.0001","Custo dos Produtos Acabados","account_demo_329","other","l10n_br.despesa","True","base.main_company"
"account_demo_331","3.1.02.03","CUSTO DE MÃO-DE-OBRA DIRETA","account_demo_326","view","l10n_br.despesa","True","base.main_company"
"account_demo_332","3.1.02.03.0001","Salários","account_demo_331","other","l10n_br.despesa","True","base.main_company"
"account_demo_333","3.1.02.03.0002","Horas Extras","account_demo_331","other","l10n_br.despesa","True","base.main_company"
"account_demo_334","3.1.02.03.0003","Adicional Noturno","account_demo_331","other","l10n_br.despesa","True","base.main_company"
"account_demo_335","3.1.02.03.0004","Férias","account_demo_331","other","l10n_br.despesa","True","base.main_company"
"account_demo_336","3.1.02.03.0005","13º Salário","account_demo_331","other","l10n_br.despesa","True","base.main_company"
"account_demo_337","3.1.02.03.0006","Aviso Prévio/Indeniz.Trabalhistas","account_demo_331","other","l10n_br.despesa","True","base.main_company"
"account_demo_338","3.1.02.03.0007","Gratificações","account_demo_331","other","l10n_br.despesa","True","base.main_company"
"account_demo_339","3.1.02.03.0008","INSS Empresa","account_demo_331","other","l10n_br.despesa","True","base.main_company"
"account_demo_340","3.1.02.03.0009","FGTS ","account_demo_331","other","l10n_br.despesa","True","base.main_company"
"account_demo_341","3.1.02.03.0010","Adicional Insalubridade","account_demo_331","other","l10n_br.despesa","True","base.main_company"
"account_demo_342","3.1.02.03.0011","Vale Transporte","account_demo_331","other","l10n_br.despesa","True","base.main_company"
"account_demo_343","3.1.02.03.0012","PAT - Programa Alim. Trabalhador","account_demo_331","other","l10n_br.despesa","True","base.main_company"
"account_demo_344","3.1.02.03.0013","Assistência Médica","account_demo_331","other","l10n_br.despesa","True","base.main_company"
"account_demo_345","3.1.02.03.0014","DSR - Descanso Semanal Remunerado","account_demo_331","other","l10n_br.despesa","True","base.main_company"
"account_demo_346","3.1.02.03.0015","Salário Estagiários","account_demo_331","other","l10n_br.despesa","True","base.main_company"
"account_demo_347","3.1.02.03.0016","Previdência Privada","account_demo_331","other","l10n_br.despesa","True","base.main_company"
"account_demo_348","3.1.02.03.0017","Vestuário","account_demo_331","other","l10n_br.despesa","True","base.main_company"
"account_demo_349","3.1.02.03.0018","Assiduidade","account_demo_331","other","l10n_br.despesa","True","base.main_company"
"account_demo_350","3.1.02.03.0019","Abono Salarial","account_demo_331","other","l10n_br.despesa","True","base.main_company"
"account_demo_351","3.1.02.03.0020","Vale Refeição","account_demo_331","other","l10n_br.despesa","True","base.main_company"
"account_demo_352","3.1.02.03.0021","Farmácia","account_demo_331","other","l10n_br.despesa","True","base.main_company"
"account_demo_353","3.1.02.03.0022","Pró-Labore","account_demo_331","other","l10n_br.despesa","True","base.main_company"
"account_demo_354","3.1.02.04","GASTOS GERAIS DE FABRICAÇÃO","account_demo_326","view","l10n_br.despesa","True","base.main_company"
"account_demo_355","3.1.02.04.0001","Aluguel","account_demo_354","other","l10n_br.despesa","True","base.main_company"
"account_demo_356","3.1.02.04.0002","Água e Esgoto","account_demo_354","other","l10n_br.despesa","True","base.main_company"
"account_demo_357","3.1.02.04.0003","Energia Elétrica","account_demo_354","other","l10n_br.despesa","True","base.main_company"
"account_demo_358","3.1.02.04.0004","Fretes e Carretos","account_demo_354","other","l10n_br.despesa","True","base.main_company"
"account_demo_359","3.1.02.04.0005","Material de Consumo","account_demo_354","other","l10n_br.despesa","True","base.main_company"
"account_demo_360","3.1.02.04.0006","Condução","account_demo_354","other","l10n_br.despesa","True","base.main_company"
"account_demo_361","3.1.02.04.0007","Contribuição Sindical/Assoc.de Classe","account_demo_354","other","l10n_br.despesa","True","base.main_company"
"account_demo_362","3.1.02.04.0008","Material de Limpeza","account_demo_354","other","l10n_br.despesa","True","base.main_company"
"account_demo_363","3.1.02.04.0009","Seguros","account_demo_354","other","l10n_br.despesa","True","base.main_company"
"account_demo_364","3.1.02.04.0010","Viagens e Estadias","account_demo_354","other","l10n_br.despesa","True","base.main_company"
"account_demo_365","3.1.02.04.0011","Manutenção de Equipamentos","account_demo_354","other","l10n_br.despesa","True","base.main_company"
"account_demo_366","3.1.02.04.0012","Depreciações e Amortizações","account_demo_354","other","l10n_br.despesa","True","base.main_company"
"account_demo_367","3.1.02.04.0013","Combustíveis e Lubrificantes","account_demo_354","other","l10n_br.despesa","True","base.main_company"
"account_demo_368","3.1.02.04.0014","Bens de Pequeno Valor","account_demo_354","other","l10n_br.despesa","True","base.main_company"
"account_demo_369","3.1.02.04.0015","Leasing","account_demo_354","other","l10n_br.despesa","True","base.main_company"
"account_demo_370","3.1.02.04.0016","Formação de Pessoal","account_demo_354","other","l10n_br.despesa","True","base.main_company"
"account_demo_371","3.1.02.04.0017","Serviços de Terceiros - Pessoa Jurídica","account_demo_354","other","l10n_br.despesa","True","base.main_company"
"account_demo_372","3.1.02.04.0018","Locação de Equipamentos","account_demo_354","other","l10n_br.despesa","True","base.main_company"
"account_demo_373","3.1.02.04.0019","Feiras/Congressos/Simpósios/Cursos","account_demo_354","other","l10n_br.despesa","True","base.main_company"
"account_demo_374","3.1.02.04.0020","Telefone","account_demo_354","other","l10n_br.despesa","True","base.main_company"
"account_demo_375","3.1.02.04.0021","Comissões sobre Serviços","account_demo_354","other","l10n_br.despesa","True","base.main_company"
"account_demo_376","3.1.02.04.0022","Jornais, Revistas e Periódicos","account_demo_354","other","l10n_br.despesa","True","base.main_company"
"account_demo_377","3.1.02.04.0023","Confraternizações","account_demo_354","other","l10n_br.despesa","True","base.main_company"
"account_demo_378","3.1.02.04.0024","Manutenção de Prédios","account_demo_354","other","l10n_br.despesa","True","base.main_company"
"account_demo_379","3.1.02.04.0025","Brindes e Amostras","account_demo_354","other","l10n_br.despesa","True","base.main_company"
"account_demo_380","3.1.02.04.0026","Aluguel de Equipamentos","account_demo_354","other","l10n_br.despesa","True","base.main_company"
"account_demo_381","3.1.02.04.0027","Serv.de Terceiros P.Física - Autônomos","account_demo_354","other","l10n_br.despesa","True","base.main_company"
"account_demo_382","3.1.02.04.0028","Manutenção de Veículos","account_demo_354","other","l10n_br.despesa","True","base.main_company"
"account_demo_383","3.1.02.04.0029","Despesas de Importação","account_demo_354","other","l10n_br.despesa","True","base.main_company"
"account_demo_384","3.1.02.04.0030","(-) Crédito PIS Não-Cumulativo","account_demo_354","other","l10n_br.despesa","True","base.main_company"
"account_demo_385","3.1.02.04.0031","(-) Crédito Cofins Não-Cumulativo","account_demo_354","other","l10n_br.despesa","True","base.main_company"
"account_demo_386","3.1.02.05","ESTOQUE INICIAL DE PROD.EM ELABORAÇÃO","account_demo_326","view","l10n_br.despesa","True","base.main_company"
"account_demo_387","3.1.02.05.0001","Estoque Inicial de Prod. em Elaboração","account_demo_386","other","l10n_br.despesa","True","base.main_company"
"account_demo_388","3.1.02.06","ESTOQUE INICIAL DE PROD.ACABADOS","account_demo_326","view","l10n_br.despesa","True","base.main_company"
"account_demo_389","3.1.02.06.0001","Estoque Inicial de Prod.Acabados","account_demo_388","other","l10n_br.despesa","True","base.main_company"
"account_demo_390","3.1.02.07","ESTOQUE FINAL DE PROD.EM ELABORAÇÃO","account_demo_326","view","l10n_br.despesa","True","base.main_company"
"account_demo_391","3.1.02.07.0001","Estoque Final de Prod.em Elaboração","account_demo_390","other","l10n_br.despesa","True","base.main_company"
"account_demo_392","3.1.02.08","ESTOQUE FINAL DE PROD.ACABADOS","account_demo_326","view","l10n_br.despesa","True","base.main_company"
"account_demo_393","3.1.02.08.0001","Estoque Final de Prod.Acabados","account_demo_392","other","l10n_br.despesa","True","base.main_company"
"account_demo_394","3.2","despesa","account_demo_321","view","l10n_br.despesa","True","base.main_company"
"account_demo_395","3.2.01","DESPESAS OPERACIONAIS COMERCIAIS","account_demo_394","view","l10n_br.despesa","True","base.main_company"
"account_demo_396","3.2.01.01","DESPESAS TRABALHISTAS","account_demo_395","view","l10n_br.despesa","True","base.main_company"
"account_demo_397","3.2.01.01.0001","Salários","account_demo_396","other","l10n_br.despesa","True","base.main_company"
"account_demo_398","3.2.01.01.0002","Horas Extras","account_demo_396","other","l10n_br.despesa","True","base.main_company"
"account_demo_399","3.2.01.01.0003","Vale Transporte","account_demo_396","other","l10n_br.despesa","True","base.main_company"
"account_demo_400","3.2.01.01.0004","Férias","account_demo_396","other","l10n_br.despesa","True","base.main_company"
"account_demo_401","3.2.01.01.0005","13º Salário","account_demo_396","other","l10n_br.despesa","True","base.main_company"
"account_demo_402","3.2.01.01.0006","Aviso Prévio/Indeniz.Trabalhisas","account_demo_396","other","l10n_br.despesa","True","base.main_company"
"account_demo_403","3.2.01.01.0007","Gratificações","account_demo_396","other","l10n_br.despesa","True","base.main_company"
"account_demo_404","3.2.01.01.0008","Assiduidade","account_demo_396","other","l10n_br.despesa","True","base.main_company"
"account_demo_405","3.2.01.01.0009","Abono Salarial","account_demo_396","other","l10n_br.despesa","True","base.main_company"
"account_demo_406","3.2.01.01.0010","Adicional de Insalubridade","account_demo_396","other","l10n_br.despesa","True","base.main_company"
"account_demo_407","3.2.01.01.0011","Vale Refeição","account_demo_396","other","l10n_br.despesa","True","base.main_company"
"account_demo_408","3.2.01.01.0012","Adicional Noturno","account_demo_396","other","l10n_br.despesa","True","base.main_company"
"account_demo_409","3.2.01.01.0013","Farmácia","account_demo_396","other","l10n_br.despesa","True","base.main_company"
"account_demo_410","3.2.01.01.0014","PAT - Programa Alim. Trabalhador","account_demo_396","other","l10n_br.despesa","True","base.main_company"
"account_demo_411","3.2.01.01.0015","Pró-Labore","account_demo_396","other","l10n_br.despesa","True","base.main_company"
"account_demo_412","3.2.01.01.0016","Assistência Médica","account_demo_396","other","l10n_br.despesa","True","base.main_company"
"account_demo_413","3.2.01.02","ENCARGOS SOCIAIS","account_demo_395","view","l10n_br.despesa","True","base.main_company"
"account_demo_414","3.2.01.02.0001","Inss","account_demo_413","other","l10n_br.despesa","True","base.main_company"
"account_demo_415","3.2.01.02.0002","Fgts","account_demo_413","other","l10n_br.despesa","True","base.main_company"
"account_demo_416","3.2.01.03","DESPESAS GERAIS COMERCIAIS","account_demo_395","view","l10n_br.despesa","True","base.main_company"
"account_demo_417","3.2.01.03.0001","Comissões sobre Vendas","account_demo_416","other","l10n_br.despesa","True","base.main_company"
"account_demo_418","3.2.01.03.0002","Aluguel","account_demo_416","other","l10n_br.despesa","True","base.main_company"
"account_demo_419","3.2.01.03.0003","Agua e Esgoto","account_demo_416","other","l10n_br.despesa","True","base.main_company"
"account_demo_420","3.2.01.03.0004","Energia Elétrica","account_demo_416","other","l10n_br.despesa","True","base.main_company"
"account_demo_421","3.2.01.03.0006","Material de Expediente","account_demo_416","other","l10n_br.despesa","True","base.main_company"
"account_demo_422","3.2.01.03.0007","Condução","account_demo_416","other","l10n_br.despesa","True","base.main_company"
"account_demo_423","3.2.01.03.0008","Correios e Malotes","account_demo_416","other","l10n_br.despesa","True","base.main_company"
"account_demo_424","3.2.01.03.0009","Material de Limpeza","account_demo_416","other","l10n_br.despesa","True","base.main_company"
"account_demo_425","3.2.01.03.0010","Seguros","account_demo_416","other","l10n_br.despesa","True","base.main_company"
"account_demo_426","3.2.01.03.0011","Viagens e Estadias","account_demo_416","other","l10n_br.despesa","True","base.main_company"
"account_demo_427","3.2.01.03.0012","Manutenção e Conservação","account_demo_416","other","l10n_br.despesa","True","base.main_company"
"account_demo_428","3.2.01.03.0013","Depreciação e Amortização","account_demo_416","other","l10n_br.despesa","True","base.main_company"
"account_demo_429","3.2.01.03.0014","Propaganda e Publicidade","account_demo_416","other","l10n_br.despesa","True","base.main_company"
"account_demo_430","3.2.01.03.0015","Fretes e Carretos","account_demo_416","other","l10n_br.despesa","True","base.main_company"
"account_demo_431","3.2.01.03.0016","Combustíveis e Lubrificantes","account_demo_416","other","l10n_br.despesa","True","base.main_company"
"account_demo_432","3.2.01.03.0017","Leasing","account_demo_416","other","l10n_br.despesa","True","base.main_company"
"account_demo_433","3.2.01.03.0018","Serv.Terceiros P.Física - Autônomos","account_demo_416","other","l10n_br.despesa","True","base.main_company"
"account_demo_434","3.2.01.03.0019","Serv.Terceiros Pessoa Jurídica","account_demo_416","other","l10n_br.despesa","True","base.main_company"
"account_demo_435","3.2.01.03.0020","Feiras/Congressos/Simpósios/Cursos","account_demo_416","other","l10n_br.despesa","True","base.main_company"
"account_demo_436","3.2.01.03.0021","Telefone","account_demo_416","other","l10n_br.despesa","True","base.main_company"
"account_demo_437","3.2.01.03.0022","Despesas com Exportação","account_demo_416","other","l10n_br.despesa","True","base.main_company"
"account_demo_438","3.2.01.03.0024","Jornais, Revistas e Periódicos","account_demo_416","other","l10n_br.despesa","True","base.main_company"
"account_demo_439","3.2.01.03.0025","Refeições e Lanches","account_demo_416","other","l10n_br.despesa","True","base.main_company"
"account_demo_440","3.2.01.03.0026","Confraternizações","account_demo_416","other","l10n_br.despesa","True","base.main_company"
"account_demo_441","3.2.01.03.0027","Brindes","account_demo_416","other","l10n_br.despesa","True","base.main_company"
"account_demo_442","3.2.01.03.0028","Internet","account_demo_416","other","l10n_br.despesa","True","base.main_company"
"account_demo_443","3.2.02","DESPESAS ADMINISTRATIVAS","account_demo_394","view","l10n_br.despesa","True","base.main_company"
"account_demo_444","3.2.02.01","DESPESAS TRABALHISTAS","account_demo_443","view","l10n_br.despesa","True","base.main_company"
"account_demo_445","3.2.02.01.0001","Pro-Labore","account_demo_444","other","l10n_br.despesa","True","base.main_company"
"account_demo_446","3.2.02.01.0002","Salários","account_demo_444","other","l10n_br.despesa","True","base.main_company"
"account_demo_447","3.2.02.01.0003","Horas Extras","account_demo_444","other","l10n_br.despesa","True","base.main_company"
"account_demo_448","3.2.02.01.0004","Férias","account_demo_444","other","l10n_br.despesa","True","base.main_company"
"account_demo_449","3.2.02.01.0005","13º Salário","account_demo_444","other","l10n_br.despesa","True","base.main_company"
"account_demo_450","3.2.02.01.0006","Aviso Prévio/Indeniz.Trabalhistas","account_demo_444","other","l10n_br.despesa","True","base.main_company"
"account_demo_451","3.2.02.01.0007","Gratificações","account_demo_444","other","l10n_br.despesa","True","base.main_company"
"account_demo_452","3.2.02.01.0008","Adicional Insalubridade","account_demo_444","other","l10n_br.despesa","True","base.main_company"
"account_demo_453","3.2.02.01.0009","Adicional Noturno","account_demo_444","other","l10n_br.despesa","True","base.main_company"
"account_demo_454","3.2.02.01.0010","Vale Transporte","account_demo_444","other","l10n_br.despesa","True","base.main_company"
"account_demo_455","3.2.02.01.0011","Farmácia","account_demo_444","other","l10n_br.despesa","True","base.main_company"
"account_demo_456","3.2.02.01.0012","Vale Refeição","account_demo_444","other","l10n_br.despesa","True","base.main_company"
"account_demo_457","3.2.02.01.0013","PAT - Programa Alim. Trabalhador","account_demo_444","other","l10n_br.despesa","True","base.main_company"
"account_demo_458","3.2.02.01.0014","Salário Estagiários","account_demo_444","other","l10n_br.despesa","True","base.main_company"
"account_demo_459","3.2.02.01.0015","Assiduidade","account_demo_444","other","l10n_br.despesa","True","base.main_company"
"account_demo_460","3.2.02.01.0016","Abono Salarial","account_demo_444","other","l10n_br.despesa","True","base.main_company"
"account_demo_461","3.2.02.01.0017","Previdência Privada","account_demo_444","other","l10n_br.despesa","True","base.main_company"
"account_demo_462","3.2.02.01.0018","Assistência Médica","account_demo_444","other","l10n_br.despesa","True","base.main_company"
"account_demo_463","3.2.02.02","ENCARGOS SOCIAIS","account_demo_443","view","l10n_br.despesa","True","base.main_company"
"account_demo_464","3.2.02.02.0001","Inss","account_demo_463","other","l10n_br.despesa","True","base.main_company"
"account_demo_465","3.2.02.02.0002","Fgts","account_demo_463","other","l10n_br.despesa","True","base.main_company"
"account_demo_466","3.2.02.03","DESPESAS GERAIS ADMINISTRATIVAS","account_demo_443","view","l10n_br.despesa","True","base.main_company"
"account_demo_467","3.2.02.03.0001","Aluguel","account_demo_466","other","l10n_br.despesa","True","base.main_company"
"account_demo_468","3.2.02.03.0002","Água e Esgoto","account_demo_466","other","l10n_br.despesa","True","base.main_company"
"account_demo_469","3.2.02.03.0003","Energia Elétrica","account_demo_466","other","l10n_br.despesa","True","base.main_company"
"account_demo_470","3.2.02.03.0004","Copa, Cozinha e Refeitório","account_demo_466","other","l10n_br.despesa","True","base.main_company"
"account_demo_471","3.2.02.03.0005","Material de Escritório","account_demo_466","other","l10n_br.despesa","True","base.main_company"
"account_demo_472","3.2.02.03.0006","Fretes e Carretos","account_demo_466","other","l10n_br.despesa","True","base.main_company"
"account_demo_473","3.2.02.03.0007","Correios e Malotes","account_demo_466","other","l10n_br.despesa","True","base.main_company"
"account_demo_474","3.2.02.03.0008","Material de Limpeza","account_demo_466","other","l10n_br.despesa","True","base.main_company"
"account_demo_475","3.2.02.03.0009","Seguros","account_demo_466","other","l10n_br.despesa","True","base.main_company"
"account_demo_476","3.2.02.03.0010","Viagens e Estadias","account_demo_466","other","l10n_br.despesa","True","base.main_company"
"account_demo_477","3.2.02.03.0011","Manutenção e Conservação","account_demo_466","other","l10n_br.despesa","True","base.main_company"
"account_demo_478","3.2.02.03.0012","Depreciação e Amortização","account_demo_466","other","l10n_br.despesa","True","base.main_company"
"account_demo_479","3.2.02.03.0013","Sindicato Patronal/Assoc.de Classe","account_demo_466","other","l10n_br.despesa","True","base.main_company"
"account_demo_480","3.2.02.03.0014","Feiras/Congressos/Simpósios/Cursos","account_demo_466","other","l10n_br.despesa","True","base.main_company"
"account_demo_481","3.2.02.03.0015","Internet","account_demo_466","other","l10n_br.despesa","True","base.main_company"
"account_demo_482","3.2.02.03.0016","Combustíveis e Lubrificantes","account_demo_466","other","l10n_br.despesa","True","base.main_company"
"account_demo_483","3.2.02.03.0017","Leasing","account_demo_466","other","l10n_br.despesa","True","base.main_company"
"account_demo_484","3.2.02.03.0018","Serviço de Terceiros - Pessoa Jurídica","account_demo_466","other","l10n_br.despesa","True","base.main_company"
"account_demo_485","3.2.02.03.0019","Telefone","account_demo_466","other","l10n_br.despesa","True","base.main_company"
"account_demo_486","3.2.02.03.0020","Legais e Judiciais","account_demo_466","other","l10n_br.despesa","True","base.main_company"
"account_demo_487","3.2.02.03.0021","Bens de Pequeno Valor","account_demo_466","other","l10n_br.despesa","True","base.main_company"
"account_demo_488","3.2.02.03.0022","Jornais Revistas e Periódicos","account_demo_466","other","l10n_br.despesa","True","base.main_company"
"account_demo_489","3.2.02.03.0023","Cópias e Reproduções","account_demo_466","other","l10n_br.despesa","True","base.main_company"
"account_demo_490","3.2.02.03.0024","Confraternizações","account_demo_466","other","l10n_br.despesa","True","base.main_company"
"account_demo_491","3.2.02.03.0025","Formação de Pessoal","account_demo_466","other","l10n_br.despesa","True","base.main_company"
"account_demo_492","3.2.02.03.0026","Segurança e Vigilância","account_demo_466","other","l10n_br.despesa","True","base.main_company"
"account_demo_493","3.2.02.03.0027","Despesas com Veículos","account_demo_466","other","l10n_br.despesa","True","base.main_company"
"account_demo_494","3.2.02.03.0028","Impressos","account_demo_466","other","l10n_br.despesa","True","base.main_company"
"account_demo_495","3.2.02.03.0029","Refeições e Lanches","account_demo_466","other","l10n_br.despesa","True","base.main_company"
"account_demo_496","3.2.02.03.0030","Comissões","account_demo_466","other","l10n_br.despesa","True","base.main_company"
"account_demo_497","3.2.02.03.0031","Condução ","account_demo_466","other","l10n_br.despesa","True","base.main_company"
"account_demo_498","3.2.02.03.0032","Telefone Linha Fixa","account_demo_466","other","l10n_br.despesa","True","base.main_company"
"account_demo_499","3.2.02.03.0033","Telefone Móvel Celular","account_demo_466","other","l10n_br.despesa","True","base.main_company"
"account_demo_500","3.2.02.03.0034","Telefone Nextel","account_demo_466","other","l10n_br.despesa","True","base.main_company"
"account_demo_501","3.2.02.03.0035","Crea-PR","account_demo_466","other","l10n_br.despesa","True","base.main_company"
"account_demo_502","3.2.02.03.0036","Despesas de Cartório","account_demo_466","other","l10n_br.despesa","True","base.main_company"
"account_demo_503","3.2.02.03.0037","Material de Consumo","account_demo_466","other","l10n_br.despesa","True","base.main_company"
"account_demo_504","3.2.02.03.0038","Donativos e Contribuições","account_demo_466","other","l10n_br.despesa","True","base.main_company"
"account_demo_505","3.2.02.03.0039","Locação de Equipamentos","account_demo_466","other","l10n_br.despesa","True","base.main_company"
"account_demo_506","3.2.02.04","DESPESAS INDEDUTÍVEIS","account_demo_443","view","l10n_br.despesa","True","base.main_company"
"account_demo_507","3.2.02.04.0001","Autos de Infração","account_demo_506","other","l10n_br.despesa","True","base.main_company"
"account_demo_508","3.2.02.04.0002","Multas Punitívas","account_demo_506","other","l10n_br.despesa","True","base.main_company"
"account_demo_509","3.2.02.04.0003","Contribuições e Doações","account_demo_506","other","l10n_br.despesa","True","base.main_company"
"account_demo_510","3.2.02.04.0004","Impostos Federais - Exerc. Anteriores","account_demo_506","other","l10n_br.despesa","True","base.main_company"
"account_demo_511","3.2.02.04.0005","Impostos Estaduais - Exerc. Anteriores","account_demo_506","other","l10n_br.despesa","True","base.main_company"
"account_demo_512","3.2.02.04.0006","Impostos Municipais - Exerc.Anteriores","account_demo_506","other","l10n_br.despesa","True","base.main_company"
"account_demo_513","3.2.03","DESPESAS FINANCEIRAS","account_demo_394","view","l10n_br.despesa","True","base.main_company"
"account_demo_514","3.2.03.01","DESPESAS COM ATUALIZAÇÕES","account_demo_513","view","l10n_br.despesa","True","base.main_company"
"account_demo_515","3.2.03.01.0001","Variação Monetária Passiva","account_demo_514","other","l10n_br.despesa","True","base.main_company"
"account_demo_516","3.2.03.01.0002","Variação Cambial Passiva","account_demo_514","other","l10n_br.despesa","True","base.main_company"
"account_demo_517","3.2.03.01.0003","Despesas de Cobrança","account_demo_514","other","l10n_br.despesa","True","base.main_company"
"account_demo_518","3.2.03.01.0004","Despesas Bancárias","account_demo_514","other","l10n_br.despesa","True","base.main_company"
"account_demo_519","3.2.03.02","JUROS E DESCONTOS","account_demo_513","view","l10n_br.despesa","True","base.main_company"
"account_demo_520","3.2.03.02.0001","Juros de Mora","account_demo_519","other","l10n_br.despesa","True","base.main_company"
"account_demo_521","3.2.03.02.0002","Descontos Concedidos","account_demo_519","other","l10n_br.despesa","True","base.main_company"
"account_demo_522","3.2.03.02.0003","Juros s/ Empréstimos e Financiamentos","account_demo_519","other","l10n_br.despesa","True","base.main_company"
"account_demo_523","3.2.03.02.0004","Juros s/ Descontos de Duplicatas","account_demo_519","other","l10n_br.despesa","True","base.main_company"
"account_demo_524","3.2.04","DESPESAS TRIBUTÁRIAS","account_demo_394","view","l10n_br.despesa","True","base.main_company"
"account_demo_525","3.2.04.01","IMPOSTOS, TAXAS E CONTRIBUIÇÕES","account_demo_524","view","l10n_br.despesa","True","base.main_company"
"account_demo_526","3.2.04.01.0001","IOF","account_demo_525","other","l10n_br.despesa","True","base.main_company"
"account_demo_527","3.2.04.01.0002","CPMF","account_demo_525","other","l10n_br.despesa","True","base.main_company"
"account_demo_528","3.2.04.01.0003","IPTU","account_demo_525","other","l10n_br.despesa","True","base.main_company"
"account_demo_529","3.2.04.01.0004","IPVA","account_demo_525","other","l10n_br.despesa","True","base.main_company"
"account_demo_530","3.2.04.01.0005","IRF (Exclusivo na Fonte)","account_demo_525","other","l10n_br.despesa","True","base.main_company"
"account_demo_531","3.2.04.01.0006","Impostos e Taxas Federais","account_demo_525","other","l10n_br.despesa","True","base.main_company"
"account_demo_532","3.2.04.01.0007","Impostos e Taxas Estaduais","account_demo_525","other","l10n_br.despesa","True","base.main_company"
"account_demo_533","3.2.04.01.0008","Impostos e Taxas Municipais","account_demo_525","other","l10n_br.despesa","True","base.main_company"
"account_demo_534","3.2.04.02","MULTAS","account_demo_524","view","l10n_br.despesa","True","base.main_company"
"account_demo_535","3.2.04.02.0001","Multas Fiscais Compensatórias","account_demo_534","other","l10n_br.despesa","True","base.main_company"
"account_demo_536","3.2.04.02.0002","Multas de Mora","account_demo_534","other","l10n_br.despesa","True","base.main_company"
"account_demo_537","3.2.04.02.0003","Multas Contratuais","account_demo_534","other","l10n_br.despesa","True","base.main_company"
"account_demo_538","3.2.05","OUTRAS DESPESAS OPERACIONAIS","account_demo_394","view","l10n_br.despesa","True","base.main_company"
"account_demo_539","3.2.05.01","PERDAS","account_demo_538","view","l10n_br.despesa","True","base.main_company"
"account_demo_540","3.2.05.01.0001","Perdas com Duplicatas Incobráveis","account_demo_539","other","l10n_br.despesa","True","base.main_company"
"account_demo_541","3.2.06","DESPESAS NÃO OPERACIONAIS","account_demo_394","view","l10n_br.despesa","True","base.main_company"
"account_demo_542","3.2.06.01","PERDAS","account_demo_541","view","l10n_br.despesa","True","base.main_company"
"account_demo_543","3.2.06.01.0002","Perda crédito de ICMS s/ Imobilizado","account_demo_542","other","l10n_br.despesa","True","base.main_company"
"account_demo_544","3.2.06.01.0003","Perdas com Sinistros","account_demo_542","other","l10n_br.despesa","True","base.main_company"
"account_demo_545","3.2.06.01.0004","Perdas na Alienação de Imobilizado","account_demo_542","other","l10n_br.despesa","True","base.main_company"
"account_demo_546","3.2.06.01.0001","Perdas na Alienação de Investimentos","account_demo_542","other","l10n_br.despesa","True","base.main_company"
"account_demo_547","3.2.06.01.0005","Perdas, Deterioração de Mercadorias","account_demo_542","other","l10n_br.despesa","True","base.main_company"
"account_demo_548","_4","CONTAS DE RESULTADO - RECEITAS","account.chart0","view","l10n_br.receita","True","base.main_company"
"account_demo_549","4.1","RECEITAS","account_demo_548","view","l10n_br.receita","True","base.main_company"
"account_demo_550","4.1.01","RECEITAS OPERACIONAIS VENDAS E SERVIÇOS","account_demo_549","view","l10n_br.receita","True","base.main_company"
"account_demo_551","4.1.01.01","RECEITA BRUTA VENDAS NO PAÍS ","account_demo_550","view","l10n_br.receita","True","base.main_company"
"account_demo_552","4.1.01.01.0001","Venda Produtos Fabricação Própria","account_demo_551","other","l10n_br.receita","True","base.main_company"
"account_demo_553","4.1.01.01.0002","Industrialização de Mercadorias","account_demo_551","other","l10n_br.receita","True","base.main_company"
"account_demo_554","4.1.01.01.0003","Revenda de Mercadorias","account_demo_551","other","l10n_br.receita","True","base.main_company"
"account_demo_555","4.1.01.01.0004","Venda Fabricação Própria","account_demo_551","other","l10n_br.receita","True","base.main_company"
"account_demo_556","4.1.01.01.0005","Industriazalição de Mercadorias","account_demo_551","other","l10n_br.receita","True","base.main_company"
"account_demo_557","4.1.01.01.0006","Revenda de Mercadorias","account_demo_551","other","l10n_br.receita","True","base.main_company"
"account_demo_558","4.1.01.02","RECEITA DE SERVIÇOS NO PAIS ","account_demo_550","view","l10n_br.receita","True","base.main_company"
"account_demo_559","4.1.01.02.0001","Receita de Serviços","account_demo_558","other","l10n_br.receita","True","base.main_company"
"account_demo_560","4.1.01.02.0002","Receita de Serviços","account_demo_558","other","l10n_br.receita","True","base.main_company"
"account_demo_561","4.1.01.03","RECEITA BRUTA DE VENDAS P/EXTERIOR","account_demo_550","view","l10n_br.receita","True","base.main_company"
"account_demo_562","4.1.01.03.0001","Venda de Produtos Fabricação Própria(EX)","account_demo_561","other","l10n_br.receita","True","base.main_company"
"account_demo_563","4.1.01.03.0002","Revenda de Mercadorias (EX)","account_demo_561","other","l10n_br.receita","True","base.main_company"
"account_demo_564","4.1.02","(-) DEDUÇÕES DA RECEITA BRUTA","account_demo_549","view","l10n_br.receita","True","base.main_company"
"account_demo_565","4.1.02.01","DEVOLUÇÕES E ABATIMENTOS","account_demo_564","view","l10n_br.receita","True","base.main_company"
"account_demo_566","4.1.02.01.0001","Devolução de Vendas","account_demo_565","other","l10n_br.receita","True","base.main_company"
"account_demo_567","4.1.02.01.0002","Abatimentos Concedidos","account_demo_565","other","l10n_br.receita","True","base.main_company"
"account_demo_568","4.1.02.01.0003","Devolução de Vendas","account_demo_565","other","l10n_br.receita","True","base.main_company"
"account_demo_569","4.1.02.01.0004","Abatimentos Concedidos","account_demo_565","other","l10n_br.receita","True","base.main_company"
"account_demo_570","4.1.02.02","IMPOSTOS SOBRE VENDAS E SERVIÇOS","account_demo_564","view","l10n_br.receita","True","base.main_company"
"account_demo_571","4.1.02.02.0001","ICMS sobre Vendas","account_demo_570","other","l10n_br.receita","True","base.main_company"
"account_demo_572","4.1.02.02.0002","IPI sobre Vendas","account_demo_570","other","l10n_br.receita","True","base.main_company"
"account_demo_573","4.1.02.02.0003","PIS sobre Vendas ","account_demo_570","other","l10n_br.receita","True","base.main_company"
"account_demo_574","4.1.02.02.0004","COFINS sobre Vendas","account_demo_570","other","l10n_br.receita","True","base.main_company"
"account_demo_575","4.1.02.02.0005","ISS sobre Serviços","account_demo_570","other","l10n_br.receita","True","base.main_company"
"account_demo_576","4.1.02.03","(-) IMPOSTOS S/ DEVOLUÇÃO DE VENDAS","account_demo_564","view","l10n_br.receita","True","base.main_company"
"account_demo_577","4.1.02.03.0001","(-) Cofins Não-Cumulativo s/ Dev. Vendas","account_demo_576","other","l10n_br.receita","True","base.main_company"
"account_demo_578","4.1.02.03.0002","(-) ICMS sobre Devolução de Vendas","account_demo_576","other","l10n_br.receita","True","base.main_company"
"account_demo_579","4.1.02.03.0003","(-) IPI s/Devolução de Vendas","account_demo_576","other","l10n_br.receita","True","base.main_company"
"account_demo_580","4.1.02.03.0004","(-) Pis Não-Cumulativo s/ Dev. Vendas","account_demo_576","other","l10n_br.receita","True","base.main_company"
"account_demo_581","4.1.03","RECEITAS FINANCEIRAS","account_demo_549","view","l10n_br.receita","True","base.main_company"
"account_demo_582","4.1.03.01","RECEITAS COM ATUALIZAÇÕES","account_demo_581","view","l10n_br.receita","True","base.main_company"
"account_demo_583","4.1.03.01.0001","Variação Monetária Ativa","account_demo_582","other","l10n_br.receita","True","base.main_company"
"account_demo_584","4.1.03.01.0002","Variação Cambial Ativa","account_demo_582","other","l10n_br.receita","True","base.main_company"
"account_demo_585","4.1.03.02","GANHOS COM APLICAÇÕES FINANCEIRAS","account_demo_581","view","l10n_br.receita","True","base.main_company"
"account_demo_586","4.1.03.02.0001","Rend. Aplic.Automática C/Corrente","account_demo_585","other","l10n_br.receita","True","base.main_company"
"account_demo_587","4.1.03.02.0002","Ganho Real Aplicações Renda Fixa","account_demo_585","other","l10n_br.receita","True","base.main_company"
"account_demo_588","4.1.03.02.0003","Ganho Real Aplic.Renda Variável","account_demo_585","other","l10n_br.receita","True","base.main_company"
"account_demo_589","4.1.03.02.0004","Rendimento Caderneta de Poupança","account_demo_585","other","l10n_br.receita","True","base.main_company"
"account_demo_590","4.1.03.03","JUROS E DESCONTOS OBTIDOS","account_demo_581","view","l10n_br.receita","True","base.main_company"
"account_demo_591","4.1.03.03.0001","Juros Recebidos","account_demo_590","other","l10n_br.receita","True","base.main_company"
"account_demo_592","4.1.03.03.0002","Descontos Obtidos","account_demo_590","other","l10n_br.receita","True","base.main_company"
"account_demo_593","4.1.03.04","(-) TRIBUTOS S/RECEITAS FINANCEIRAS","account_demo_581","view","l10n_br.receita","True","base.main_company"
"account_demo_594","4.1.03.04.0001","PIS sobre Receitas Financeiras","account_demo_593","other","l10n_br.receita","True","base.main_company"
"account_demo_595","4.1.03.04.0002","COFINS sobre Receitas Financeiras","account_demo_593","other","l10n_br.receita","True","base.main_company"
"account_demo_596","4.1.04","OUTRAS RECEITAS OPERACIONAIS","account_demo_549","view","l10n_br.receita","True","base.main_company"
"account_demo_597","4.1.04.01","LUCROS PARTIC.EM OUTRAS SOCIEDADES","account_demo_596","view","l10n_br.receita","True","base.main_company"
"account_demo_598","4.1.04.01.0001","Resultado de Coligadas e Controladas","account_demo_597","other","l10n_br.receita","True","base.main_company"
"account_demo_599","4.1.04.02","VENDAS DIVERSAS","account_demo_596","view","l10n_br.receita","True","base.main_company"
"account_demo_600","4.1.04.02.0001","Venda de Sucatas","account_demo_599","other","l10n_br.receita","True","base.main_company"
"account_demo_601","4.1.04.03","BRINDES E AMOSTRAS","account_demo_596","view","l10n_br.receita","True","base.main_company"
"account_demo_602","4.1.04.03.0001","Brindes e Bonificações","account_demo_601","other","l10n_br.receita","True","base.main_company"
"account_demo_603","4.1.04.03.0002","Amostras","account_demo_601","other","l10n_br.receita","True","base.main_company"
"account_demo_604","4.2","RESULTADOS NÃO OPERACIONAIS","account_demo_548","view","l10n_br.receita","True","base.main_company"
"account_demo_605","4.2.01","ALIENAÇÃO DE BENS PERMANENTES","account_demo_604","view","l10n_br.receita","True","base.main_company"
"account_demo_606","4.2.01.01","ALIENAÇÃO DE INVESTIMENTOS","account_demo_605","view","l10n_br.receita","True","base.main_company"
"account_demo_607","4.2.01.01.0001","Dividendos Recebidos","account_demo_606","other","l10n_br.receita","True","base.main_company"
"account_demo_608","4.2.01.01.0002","Alienação Partic.Societárias","account_demo_606","other","l10n_br.receita","True","base.main_company"
"account_demo_609","4.2.01.02","ALIENAÇÃO DE IMOBILIZADO","account_demo_605","view","l10n_br.receita","True","base.main_company"
"account_demo_610","4.2.01.02.0001","Alienação de Máquinas e Equipamentos","account_demo_609","other","l10n_br.receita","True","base.main_company"
"account_demo_611","4.2.01.02.0002","Alienação de Móveis e Utensílios","account_demo_609","other","l10n_br.receita","True","base.main_company"
"account_demo_612","4.2.01.02.0003","Alienação de Ferramentas","account_demo_609","other","l10n_br.receita","True","base.main_company"
"account_demo_613","4.2.01.02.0004","Alienação de Imóveis","account_demo_609","other","l10n_br.receita","True","base.main_company"
"account_demo_614","4.2.01.02.0005","Alienação de Veículos","account_demo_609","other","l10n_br.receita","True","base.main_company"
"account_demo_615","4.2.01.02.0006","Alienação de Equip.de Informática","account_demo_609","other","l10n_br.receita","True","base.main_company"
"account_demo_616","4.2.02","DEDUÇÕES DAS ALIENAÇÕES DE BENS","account_demo_604","view","l10n_br.receita","True","base.main_company"
"account_demo_617","4.2.02.01","CUSTO DA ALIENAÇÃO DE INVESTIMENTOS","account_demo_616","view","l10n_br.receita","True","base.main_company"
"account_demo_618","4.2.02.01.0001","Custo Alienação Partic.Societárias","account_demo_617","other","l10n_br.receita","True","base.main_company"
"account_demo_619","4.2.02.02","CUSTO DA ALIENAÇÃO DE IMOBILIZADO","account_demo_616","view","l10n_br.receita","True","base.main_company"
"account_demo_620","4.2.02.02.0001","Custo Alienação Máqs.e Equipamentos","account_demo_619","other","l10n_br.receita","True","base.main_company"
"account_demo_621","4.2.02.02.0002","Custo Alienação Movs.e Utensílios","account_demo_619","other","l10n_br.receita","True","base.main_company"
"account_demo_622","4.2.02.02.0003","Custo Alienação Ferramentas","account_demo_619","other","l10n_br.receita","True","base.main_company"
"account_demo_623","4.2.02.02.0004","Custo Alienação de Imóveis","account_demo_619","other","l10n_br.receita","True","base.main_company"
"account_demo_624","4.2.02.02.0005","Custo Alienação de Veículos","account_demo_619","other","l10n_br.receita","True","base.main_company"
"account_demo_625","4.2.02.02.0006","Custo Alienação Equip.Informática","account_demo_619","other","l10n_br.receita","True","base.main_company"
"account_demo_626","4.2.03","OUTRAS RECEITAS NÃO OPERACIONAIS","account_demo_604","view","l10n_br.receita","True","base.main_company"
"account_demo_627","4.2.03.01","INDENIZAÇÃO DE SEGUROS","account_demo_626","view","l10n_br.receita","True","base.main_company"
"account_demo_628","4.2.03.01.0001","Indenização de Seguros","account_demo_627","other","l10n_br.receita","True","base.main_company"
"account_demo_629","4.2.03.02","OUTRAS RECEITAS","account_demo_626","view","l10n_br.receita","True","base.main_company"
"account_demo_630","4.2.03.02.0001","Recuperação de Despesas","account_demo_629","other","l10n_br.receita","True","base.main_company"
"account_demo_631","_5","CONTAS DE FECHAMENTO DE BALANÇO","account.chart0","view","l10n_br.resultado","True","base.main_company"
"account_demo_632","5.1","RESULTADO DO EXERCÍCIO","account_demo_631","view","l10n_br.resultado","True","base.main_company"
"account_demo_633","5.1.01","RESULTADO OPERACIONAL","account_demo_632","view","l10n_br.resultado","True","base.main_company"
"account_demo_634","5.1.01.01","PROVISÃO IMPOSTOS E CONTRIB. S/ O LUCRO","account_demo_633","view","l10n_br.resultado","True","base.main_company"
"account_demo_635","5.1.01.01.0001","Provisão para IRPJ","account_demo_634","closed","l10n_br.resultado","True","base.main_company"
"account_demo_636","5.1.01.01.0002","Provisão para Contribuição Social","account_demo_634","closed","l10n_br.resultado","True","base.main_company"
"account_demo_637","5.1.01.02","RESULTADO FINAL DO EXERCÍCIO","account_demo_633","view","l10n_br.resultado","True","base.main_company"
"account_demo_638","5.1.01.02.0001","Resultado Líquido do Exercício","account_demo_637","closed","l10n_br.resultado","True","base.main_company"
