"id","code","name","parent_id:id","type","user_type:id"
"0","0","Plano de Contas Padrão",,"view","view"
"1","1","ATIVO","0","view","view"
11,"1.1","CIRCULANTE","1","view","view"
1101,"1.1.01","DISPONIBILIDADES",11,"view","view"
110101,"1.1.01.01","CAIXA",1101,"view","view"
1101010001,"1.1.01.01.0001","Caixa Geral",110101,"other","disponibilidades"
1101010002,"1.1.01.01.0002","Fundo Fixo",110101,"other","disponibilidades"
110102,"1.1.01.02","BANCOS ",1101,"view","view"
1101020001,"1.1.01.02.0001","Banco C/ Movimento",110102,"other","disponibilidades"
110103,"1.1.01.03","VALORES MOBILIÁRIOS-MERC.CAP.INTERNOS",1101,"view","view"
1101030001,"1.1.01.03.0001","Aplicações Nacionais",110103,"other","disponibilidades"
110104,"1.1.01.04","TITULOS DE CAPITALIZAÇÃO",1101,"view","view"
1101040001,"1.1.01.04.0001","Banco Título de Capitalização",110104,"other","disponibilidades"
1102,"1.1.02","CRÉDITOS",11,"view","view"
110201,"1.1.02.01","CLIENTES NACIONAIS",1102,"view","view"
1102010001,"1.1.02.01.0001","Clientes Nacionais",110201,"receivable","creditos"
110202,"1.1.02.02","CLIENTES NO EXTERIOR",1102,"view","view"
1102020001,"1.1.02.02.0001","Clientes Internacionais",110202,"receivable","creditos"
110203,"1.1.02.03","OUTROS VALORES A RECEBER",1102,"view","view"
1102030001,"1.1.02.03.0001","Outras Contas a Receber",110203,"other","creditos"
110204,"1.1.02.04","DUPLICATAS CONTA VINCULADA",1102,"view","view"
1102040001,"1.1.02.04.0001","Banco Conta Garantida",110204,"other","creditos"
110205,"1.1.02.05","DUPLICATAS CAUCIONADAS",1102,"view","view"
1102050001,"1.1.02.05.0001","Banco Conta Caucionada",110205,"other","creditos"
110206,"1.1.02.06","CHEQUES DEVOLVIDOS",1102,"view","view"
1102060001,"1.1.02.06.0001","Cheques Devolvidos",110206,"other","creditos"
110207,"1.1.02.07","ADIANTAMENTOS",1102,"view","view"
1102070001,"1.1.02.07.0001","Adiantamento de Salários",110207,"other","creditos"
1102070001,"1.1.02.07.0001","Adiantamento Despesa de Viagem",110207,"other","creditos"
1102070001,"1.1.02.07.0001","Adiantamento de Férias",110207,"other","creditos"
1102070001,"1.1.02.07.0001","Adiantamento 13º Salário",110207,"other","creditos"
1102070001,"1.1.02.07.0001","Adiantamento de Pro-Labore a Diretores",110207,"other","creditos"
1102070001,"1.1.02.07.0001","Adiantamento de PIS a Empregados",110207,"other","creditos"
110208,"1.1.02.08","ADIANTAMENTO A FORNECEDORES",1102,"view","view"
1102080001,"1.1.02.08.0001","Adiantamento a Fornecedor",110208,"other","creditos"
110209,"1.1.02.09","IMPOSTOS E CONTRIBUIÇÕES A RECUPERAR",1102,"view","view"
1102090001,"1.1.02.09.0001","CSLL a Recuperar/Compensar",110209,"other","creditos"
1102090002,"1.1.02.09.0002","CSLL a Compensar Lei 10.833/03",110209,"other","creditos"
1102090003,"1.1.02.09.0003","COFINS a Recuperar/Compensar",110209,"other","creditos"
1102090004,"1.1.02.09.0004","COFINS a Compensar Lei 10.833/03",110209,"other","creditos"
1102090008,"1.1.02.09.0008","Crédito COFINS Não-Cumulativo",110209,"other","creditos"
1102090009,"1.1.02.09.0009","ICMS a Recuperar",110209,"other","creditos"
1102090010,"1.1.02.09.0010","ICMS a Recup. s/Ativo Imobilizado",110209,"other","creditos"
1102090012,"1.1.02.09.0012","IPI a Recuperar/Compensar",110209,"other","creditos"
1102090013,"1.1.02.09.0013","IPI a Compensar Pedido Restituição",110209,"other","creditos"
1102090015,"1.1.02.09.0015","IRF s/Aplicações Financeiras",110209,"other","creditos"
1102090016,"1.1.02.09.0016","IRRF a Recuperar/Compensar",110209,"other","creditos"
1102090017,"1.1.02.09.0017","IRPJ a Recuperar/Compensar",110209,"other","creditos"
1102090019,"1.1.02.09.0019","PIS a Recuperar/Compensar",110209,"other","creditos"
1102090020,"1.1.02.09.0020","PIS a Compensar Lei 10.833/03",110209,"other","creditos"
1102090022,"1.1.02.09.0022","PIS/COFINS/CSLL a Recuperar",110209,"other","creditos"
1102090007,"1.1.02.09.0007","Crédito de PIS Não-Cumulativo",110209,"other","creditos"
110210,"1.1.02.10","CRÉDITOS FISCAIS CSLL BASE CALC.NEGATIVA",1102,"view","view"
1102100001,"1.1.02.10.0001","Base Negativa CSLL - Exerc. Anteriores",110210,"other","creditos"
110211,"1.1.02.11","CRÉDITOS FISCAIS IRPJ-BASE CALC.NEGATIVA",1102,"view","view"
1102110001,"1.1.02.11.0001","Base Negativa IRPJ - Exerc. Anteriores",110211,"other","creditos"
1103,"1.1.03","ESTOQUES",11,"view","view"
110301,"1.1.03.01","ESTOQUE DE MERCADORIAS",1103,"view","view"
1103010001,"1.1.03.01.0001","Insumos (Materiais Diretos)",110301,"other","estoques"
1103010002,"1.1.03.01.0002","Material de Consumo-Almoxarifado",110301,"other","estoques"
1103010003,"1.1.03.01.0003","Mercadorias para Revenda",110301,"other","estoques"
1103010004,"1.1.03.01.0004","Produtos Acabados",110301,"other","estoques"
1103010005,"1.1.03.01.0005","Produtos em Elaboração",110301,"other","estoques"
110302,"1.1.03.02","(-) DEVOLUÇÕES DE COMPRAS",1103,"view","view"
1103020001,"1.1.03.02.0001","Devoluções de Compras",110302,"other","estoques"
110303,"1.1.03.03","TRANSFERÊNCIA DE MERCADORIAS",1103,"view","view"
1103030001,"1.1.03.03.0001","Transferência de Mercadorias",110303,"other","estoques"
110304,"1.1.03.04","ESTOQUE DE TERCEIROS EM NOSSO PODER",1103,"view","view"
1103040001,"1.1.03.04.0001","Estoque de Terceiros em N/Poder",110304,"other","estoques"
1103040002,"1.1.03.04.0002","Entrada P/Industrialização",110304,"other","estoques"
1103040003,"1.1.03.04.0003","Entrada P/Conserto",110304,"other","estoques"
1103040004,"1.1.03.04.0004","Entrada P/Demonstração",110304,"other","estoques"
1103040005,"1.1.03.04.0005","Entrada P/Empréstimo",110304,"other","estoques"
1103040006,"1.1.03.04.0006","Entrada em Consignação",110304,"other","estoques"
1103040007,"1.1.03.04.0007","Entrada p/ Garantia",110304,"other","estoques"
1103040008,"1.1.03.04.0008","Entrada p/ Locação",110304,"other","estoques"
1103040009,"1.1.03.04.0009","Entrada em Comodato",110304,"other","estoques"
110305,"1.1.03.05","NOSSO ESTOQUE EM PODER DE TERCEIROS",1103,"view","view"
1103050001,"1.1.03.05.0001","N/Estoque em Poder de Terceiros",110305,"other","estoques"
1103050002,"1.1.03.05.0002","Remessa P/Industrialização",110305,"other","estoques"
1103050003,"1.1.03.05.0003","Remessa P/Conserto",110305,"other","estoques"
1103050004,"1.1.03.05.0004","Remessa P/Demonstração",110305,"other","estoques"
1103050005,"1.1.03.05.0005","Remessa P/Exposição",110305,"other","estoques"
1103050006,"1.1.03.05.0006","Remessa P/Empréstimo",110305,"other","estoques"
1103050007,"1.1.03.05.0007","Remessa em Consignação",110305,"other","estoques"
1103050008,"1.1.03.05.0008","Remessa P/Locação",110305,"other","estoques"
1103050009,"1.1.03.05.0009","Remessa em Garantia",110305,"other","estoques"
110306,"1.1.03.06","(-) IMPOSTOS S/ESTOQUE DE TERCEIROS",1103,"view","view"
1103060001,"1.1.03.06.0001","(-) ICMS s/Estoque de Terceiros",110306,"other","estoques"
1103060002,"1.1.03.06.0002","(-) IPI s/Estoque de Terceiros",110306,"other","estoques"
110307,"1.1.03.07","IMPORTAÇÕES EM ANDAMENTO",1103,"view","estoques"
1103070001,"1.1.03.07.0001","D.I. nº 0000000-0 Importação",110307,"other","estoques"
110308,"1.1.03.08","COMPRAS PARA ENTREGA FUTURA",1103,"view","estoques"
1103080001,"1.1.03.08.0001","Compras p/Entrega Futura",110308,"other","estoques"
1104,"1.1.04","DESPESAS DO EXERCÍCIO SEGUINTE",11,"view","view"
110401,"1.1.04.01","SEGUROS A APROPRIAR",1104,"view","view"
1104010001,"1.1.04.01.0001","Seguros de Veículos",110401,"other","despesas_exercicio_seguiente"
1104010002,"1.1.04.01.0002","Seguros Prédios/Bens/Estoques",110401,"other","despesas_exercicio_seguiente"
1104010003,"1.1.04.01.0003","Seguros s/Lucros Cessantes",110401,"other","despesas_exercicio_seguiente"
110402,"1.1.04.02","ASSINATURAS A APROPRIAR",1104,"view","view"
1104020001,"1.1.04.02.0001","Assinaturas de Jornais/Boletins/Revistas",110402,"other","despesas_exercicio_seguiente"
110403,"1.1.04.03","DESPESAS FINANCEIRAS A APROPRIAR",1104,"view","view"
1104030001,"1.1.04.03.0001","Juros s/ Financiamentos a Apropriar",110403,"other","despesas_exercicio_seguiente"
1105,"1.1.05","CONTAS RETIFICADORAS",11,"view","view"
110501,"1.1.05.01","(-) DUPLICATAS DESCONTADAS",1105,"view","view"
1105010001,"1.1.05.01.0001","(-) Banco Conta - Duplicata Descontada",110501,"other","contas_rectificadoras"
12,"1.2","ATIVO NÃO CIRCULANTE","1","view","view"
1201,"1.2.01","REALIZÁVEL  A LONGO PRAZO",12,"view","view"
120101,"1.2.01.01","VALORES MOBILIÁRIOS-MERC.CAP.INTERNO",1201,"view","view"
1201010001,"1.2.01.01.0001","Aplicações Nacionais",120101,"other","ativo_longo_prazo"
120102,"1.2.01.02","DÉBITOS DE SÓCIOS",1201,"view","view"
1201020001,"1.2.01.02.0001","Sócio",120102,"other","ativo_longo_prazo"
120103,"1.2.01.03","EMPRÉSTIMOS A EMPRESAS LIGADAS",1201,"view","view"
1201030001,"1.2.01.03.0001","Empresa Ligada",120103,"other","ativo_longo_prazo"
120104,"1.2.01.04","EMPRÉSTIMOS A TERCEIROS",1201,"view","view"
1201040001,"1.2.01.04.0001","Empréstimo de Terceiros",120104,"other","ativo_longo_prazo"
120105,"1.2.01.05","DEPÓSITOS JUDICIAIS",1201,"view","view"
1201050001,"1.2.01.05.0001","Depósitos Judiciais",120105,"other","ativo_longo_prazo"
1202,"1.2.02","INVESTIMENTOS",12,"view","view"
120201,"1.2.02.01","PARTICIPAÇÕES SOCIETÁRIAS",1202,"view","view"
1202010001,"1.2.02.01.0001","Participação Societárias",120201,"other","investimentos"
1203,"1.2.03","IMOBILIZADO - MATRIZ",12,"view","view"
120301,"1.2.03.01","IMOBILIZADO",1203,"view","view"
1203010001,"1.2.03.01.0001","Máquinas e Equipamentos ",120301,"other","imobilizado_matriz"
1203010002,"1.2.03.01.0002","Terrenos",120301,"other","imobilizado_matriz"
1203010003,"1.2.03.01.0003","Ferramentas",120301,"other","imobilizado_matriz"
1203010004,"1.2.03.01.0004","Modelos, Moldes e Matrizes",120301,"other","imobilizado_matriz"
1203010005,"1.2.03.01.0005","Móveis e Utensílios",120301,"other","imobilizado_matriz"
1203010006,"1.2.03.01.0006","Veículos",120301,"other","imobilizado_matriz"
1203010007,"1.2.03.01.0007","Equipamentos de Informática",120301,"other","imobilizado_matriz"
1203010008,"1.2.03.01.0008","Instalações",120301,"other","imobilizado_matriz"
1203010009,"1.2.03.01.0009","Benfeitoria em Imóveis de Terceiros",120301,"other","imobilizado_matriz"
1203010010,"1.2.03.01.0010","Direito de Uso Linhas Telefônicas",120301,"other","imobilizado_matriz"
1203010011,"1.2.03.01.0011","Edifícios e Construções",120301,"other","imobilizado_matriz"
120302,"1.2.03.02","CONSTRUÇÕES EM ANDAMENTO",1203,"view","view"
1203020001,"1.2.03.02.0001","Imóvel",120302,"other","imobilizado_matriz"
120304,"1.2.03.04","PARTICIPAÇÃO EM CONSÓRCIOS",1203,"view","view"
1203040001,"1.2.03.04.0001","Consórcio",120304,"other","imobilizado_matriz"
120305,"1.2.03.05","(-) DEPRECIAÇÃO ACUMULADA",1203,"view","view"
1203050001,"1.2.03.05.0001","Deprec.de Máquinas e Equipamentos",120305,"other","imobilizado_matriz"
1203050002,"1.2.03.05.0002","Deprec.de Modelos, Moldes e Matrizes",120305,"other","imobilizado_matriz"
1203050003,"1.2.03.05.0003","Deprec.de Móveis e Utensílios",120305,"other","imobilizado_matriz"
1203050004,"1.2.03.05.0004","Deprec.de Veículos",120305,"other","imobilizado_matriz"
1203050005,"1.2.03.05.0005","Deprec.de Equip.de Informática",120305,"other","imobilizado_matriz"
1203050006,"1.2.03.05.0006","Deprec.de Instalações",120305,"other","imobilizado_matriz"
1203050007,"1.2.03.05.0007","Deprec.de Ferramentas",120305,"other","imobilizado_matriz"
1203050008,"1.2.03.05.0008","Deprec.de Edificações",120305,"other","imobilizado_matriz"
120306,"1.2.03.06","(-) AMORTIZAÇÃO ACUMULADA",1203,"view","view"
1203060001,"1.2.03.06.0001","Amortiz.Benfeit.em Imóveis de Terceiros",120306,"other","imobilizado_matriz"
1203060004,"1.2.03.06.0004","Amortiz.Direito Uso Linhas Telefônica",120306,"other","imobilizado_matriz"
120307,"1.2.03.07","ICMS S/IMOBILIZADO-PARCELA NÃO CREDITADA",1203,"view","view"
1203070001,"1.2.03.07.0001","ICMS s/ Imobilizado parc. não creditável",120307,"other","imobilizado_matriz"
1203070002,"1.2.03.07.0002","(-) Amortização ICMS não creditado",120307,"other","imobilizado_matriz"
1204,"1.2.04","IMOBILIZADO - FILIAL",12,"view","view"
120401,"1.2.04.01","IMOBILIZADO",1204,"view","view"
1204010001,"1.2.04.01.0001","Máquinas e Equipamentos",120401,"other","imobilizado_filial"
1204010002,"1.2.04.01.0002","Terrenos",120401,"other","imobilizado_filial"
1204010003,"1.2.04.01.0003","Ferramentas",120401,"other","imobilizado_filial"
1204010004,"1.2.04.01.0004","Edifícios",120401,"other","imobilizado_filial"
1204010005,"1.2.04.01.0005","Móveis e Utensílios",120401,"other","imobilizado_filial"
1204010006,"1.2.04.01.0006","Veículos",120401,"other","imobilizado_filial"
1204010007,"1.2.04.01.0007","Equipamentos de Informática",120401,"other","imobilizado_filial"
1204010008,"1.2.04.01.0008","Instalações",120401,"other","imobilizado_filial"
120402,"1.2.04.02","(-) DEPRECIAÇÃO ACUMULADA - FILIAL",1204,"view","view"
1204020001,"1.2.04.02.0001","Deprec.de Máquinas e Equipamentos",120402,"other","imobilizado_filial"
1204020003,"1.2.04.02.0003","Deprec.de Móveis e Utensílios",120402,"other","imobilizado_filial"
1204020004,"1.2.04.02.0004","Deprec.de Veículos",120402,"other","imobilizado_filial"
1204020005,"1.2.04.02.0005","Deprec.de Equip.de Informática",120402,"other","imobilizado_filial"
1204020006,"1.2.04.02.0006","Deprec.de Instalações",120402,"other","imobilizado_filial"
1204020007,"1.2.04.02.0007","Deprec.de Ferramentas",120402,"other","imobilizado_filial"
1204020008,"1.2.04.02.0008","Deprec.de Edifícios",120402,"other","imobilizado_filial"
120403,"1.2.04.03","(-) AMORTIZAÇÃO ACUMULADA - FILIAL",1204,"view","view"
1204030001,"1.2.04.03.0001","Amortização Acumulada",120403,"other","imobilizado_filial"
1205,"1.2.05","BENS INTAGÍVEIS - MATRIZ",12,"view","view"
120501,"1.2.05.01","INTANGÍVEL",1205,"view","view"
1205010001,"1.2.05.01.0001","Marcas e Patentes",120501,"other","bens_intangiveis_matriz"
1205010002,"1.2.05.01.0002","Softwares",120501,"other","bens_intangiveis_matriz"
120502,"1.2.05.02","(-) AMORTIZAÇÃO DO INTANGÍVEL",1205,"view","view"
1205020001,"1.2.05.02.0001","Amortiz.de Marcas e Patentes",120502,"other","bens_intangiveis_matriz"
1205020002,"1.2.05.02.0002","Amortização de Softwares",120502,"other","bens_intangiveis_matriz"
1206,"1.2.06","BENS INTANGÍVEIS - FILIAL",12,"view","view"
120601,"1.2.06.01","INTANGÍVEL",1206,"view","view"
1206010001,"1.2.06.01.0001","Softwares",120601,"other","bens_intangiveis_filial"
120602,"1.2.06.02","(-) AMORTIZAÇÃO DO INTANGÍVEL",1206,"view","view"
1206020001,"1.2.06.02.0001","Amortização de Softwares",120602,"other","bens_intangiveis_filial"
1207,"1.2.07","TRANSFERÊNCIAS DE ATIVO IMOBILIZADO",12,"view","view"
120701,"1.2.07.01","TRANSFERÊNCIA DE ATIVO IMOBILIZADO",1207,"view","view"
1207010001,"1.2.07.01.0001","Transferência de Ativo Imobilizado",120701,"other","transferencia_ativo_imobilizado"
1208,"1.2.08","DIFERIDO",12,"view","view"
120801,"1.2.08.01","DESPESAS PRÉ-INDUSTRIAIS",1208,"view","view"
1208010001,"1.2.08.01.0001","Gastos Gerais de Implantação",120801,"other","ativo_diferido"
1208010002,"1.2.08.01.0002","(-) Amortização Acumulada",120801,"other","ativo_diferido"
"2","2","PASSIVO","0","view","view"
21,"2.1","CIRCULANTE","2","view","view"
2101,"2.1.01","OBRIGAÇÕES A CURTO PRAZO",21,"view","view"
210101,"2.1.01.01","FINANCIAMENTOS A CURTO PRAZO - SFN",2101,"view","obrigacoes_curto_prazo"
2101010001,"2.1.01.01.0001","Banco Conta Empréstimo",210101,"other","obrigacoes_curto_prazo"
210102,"2.1.01.02","CHEQUES A COMPENSAR",2101,"view","view"
2101020001,"2.1.01.02.0001","Banco Conta a Compensar",210102,"other","obrigacoes_curto_prazo"
210103,"2.1.01.03","LIMITE DE CRÉDITO CHEQUE ESPECIAL",2101,"view","view"
2101030001,"2.1.01.03.0001","Banco Conta Limite",210103,"other","obrigacoes_curto_prazo"
2102,"2.1.02","FORNECEDORES ",21,"view","view"
210201,"2.1.02.01","FORNECEDORES NACIONAIS",2102,"view","view"
2102010001,"2.1.02.01.0001","Fornecedores Nacionais",210201,"payable","fornecedores"
210202,"2.1.02.02","FORNECEDORES ESTRANGEIROS",2102,"view","view"
2102020001,"2.1.02.02.0001","Fornecedores Internacionais",210202,"payable","fornecedores"
2103,"2.1.03","OBRIGAÇÕES TRABALHISTAS",21,"view","view"
210301,"2.1.03.01","FOLHA DE PAGAMENTO - EMPREGADOS",2103,"view","view"
2103010001,"2.1.03.01.0001","Salários a Pagar",210301,"other","obrigacoes_trabalhistas"
2103010002,"2.1.03.01.0002","Férias a Pagar",210301,"other","obrigacoes_trabalhistas"
2103010003,"2.1.03.01.0003","Rescisões a Pagar",210301,"other","obrigacoes_trabalhistas"
2103010004,"2.1.03.01.0004","13º Salário a Pagar",210301,"other","obrigacoes_trabalhistas"
2103010005,"2.1.03.01.0005","Comissões a Pagar",210301,"other","obrigacoes_trabalhistas"
210302,"2.1.03.02","PROVISÕES DE FÉRIAS E 13º SALÁRIO",2103,"view","view"
2103020001,"2.1.03.02.0001","Provisão de Férias",210302,"other","obrigacoes_trabalhistas"
2103020002,"2.1.03.02.0002","Provisão de INSS s/Férias",210302,"other","obrigacoes_trabalhistas"
2103020003,"2.1.03.02.0003","Provisão de FGTS s/Férias",210302,"other","obrigacoes_trabalhistas"
2103020004,"2.1.03.02.0004","Provisão de 13º Salário",210302,"other","obrigacoes_trabalhistas"
2103020005,"2.1.03.02.0005","Provisão de INSS s/13º Salário",210302,"other","obrigacoes_trabalhistas"
2103020006,"2.1.03.02.0006","Provisão FGTS s/13º Salário",210302,"other","obrigacoes_trabalhistas"
210303,"2.1.03.03","FOLHA DE PAGAMENTO - AUTÔNOMOS",2103,"view","view"
2103030001,"2.1.03.03.0001","Rendimentos a Pagar",210303,"other","obrigacoes_trabalhistas"
210304,"2.1.03.04","FOLHA DE PAGAMENTO - DIRIGENTES",2103,"view","view"
2103040001,"2.1.03.04.0001","Pro-Labore a Pagar",210304,"other","obrigacoes_trabalhistas"
210305,"2.1.03.05","ENCARGOS SOCIAIS A PAGAR",2103,"view","view"
2103050001,"2.1.03.05.0001","INSS a Recolher",210305,"other","obrigacoes_trabalhistas"
2103050002,"2.1.03.05.0002","FGTS a Recolher",210305,"other","obrigacoes_trabalhistas"
2103050003,"2.1.03.05.0003","Contribuição Sindical a Pagar",210305,"other","obrigacoes_trabalhistas"
2103050004,"2.1.03.05.0004","Previdência Privada a Recolher",210305,"other","obrigacoes_trabalhistas"
2104,"2.1.04","OBRIGAÇÕES TRIBUTÁRIAS",21,"view","view"
210401,"2.1.04.01","IMPOSTOS RETIDOS A RECOLHER",2104,"view","view"
2104010001,"2.1.04.01.0001","IRRF a Recolher - Pessoa Física",210401,"other","obrigacoes_tributarias"
2104010002,"2.1.04.01.0002","IRRF a Recolher - Pessoa Jurídica",210401,"other","obrigacoes_tributarias"
2104010003,"2.1.04.01.0003","ISS Retido a Recolher",210401,"other","obrigacoes_tributarias"
2104010004,"2.1.04.01.0004","PIS/COFINS/CSLL Retido a Recolher",210401,"other","obrigacoes_tributarias"
2104010005,"2.1.04.01.0005","INSS Retido a Recolher",210401,"other","obrigacoes_tributarias"
210402,"2.1.04.02","IMPOSTOS E CONTRIBUIÇÃO S/ O LUCRO",2104,"view","view"
2104020001,"2.1.04.02.0001","Provisão para o Imposto de Renda",210402,"other","obrigacoes_tributarias"
2104020002,"2.1.04.02.0002","Provisão Contrib.Social s/Lucro Líquido",210402,"other","obrigacoes_tributarias"
210403,"2.1.04.03","IMPOSTOS E CONTRIBUIÇÃO S/ RECEITAS",2104,"view","view"
2104030001,"2.1.04.03.0001","ICMS a Recolher",210403,"other","obrigacoes_tributarias"
2104030002,"2.1.04.03.0002","COFINS a Recolher",210403,"other","obrigacoes_tributarias"
2104030003,"2.1.04.03.0003","PIS a Recolher",210403,"other","obrigacoes_tributarias"
2104030004,"2.1.04.03.0004","IPI  a Recolher",210403,"other","obrigacoes_tributarias"
2104030005,"2.1.04.03.0005","ISS a Recolher",210403,"other","obrigacoes_tributarias"
2105,"2.1.05","PARCELAMENTOS CURTO PRAZO",21,"view","view"
210501,"2.1.05.01","PARCELAMENTOS TRIBUTÁRIOS",2105,"view","view"
2105010001,"2.1.05.01.0001","COFINS Parcelamento",210501,"other","parcelamento_curto_prazo"
2105010002,"2.1.05.01.0002","PIS Parcelamento",210501,"other","parcelamento_curto_prazo"
2105010003,"2.1.05.01.0003","IPI Parcelamento",210501,"other","parcelamento_curto_prazo"
2105010004,"2.1.05.01.0004","ICMS Parcelamento",210501,"other","parcelamento_curto_prazo"
2105010005,"2.1.05.01.0005","IRPJ Parcelamento",210501,"other","parcelamento_curto_prazo"
2105010006,"2.1.05.01.0006","CSLL Parcelamento",210501,"other","parcelamento_curto_prazo"
2105010007,"2.1.05.01.0007","INSS Parcelamento",210501,"other","parcelamento_curto_prazo"
2105010008,"2.1.05.01.0008","FGTS Parcelamento",210501,"other","parcelamento_curto_prazo"
2106,"2.1.06","OUTRAS OBRIGAÇÕES",21,"view","view"
210601,"2.1.06.01","CONTAS DE CONSUMO",2106,"view","view"
2106010001,"2.1.06.01.0001","Consumo de Água/Esgoto",210601,"other","outras_obrigaçoes"
2106010003,"2.1.06.01.0003","Consumo de Energia Elétrica",210601,"other","outras_obrigaçoes"
2106010004,"2.1.06.01.0004","Consumo de Telefone",210601,"other","outras_obrigaçoes"
2106010005,"2.1.06.01.0005","Consumo de Internet",210601,"other","outras_obrigaçoes"
210602,"2.1.06.02","OUTRAS CONTAS A PAGAR",2106,"view","view"
2106020001,"2.1.06.02.0001","Cheques a Compensar",210602,"other","outras_obrigaçoes"
2106020002,"2.1.06.02.0002","Seguros a Pagar",210602,"other","outras_obrigaçoes"
2106020003,"2.1.06.02.0003","Assinaturas de Periódicos a Pagar",210602,"other","outras_obrigaçoes"
2106020004,"2.1.06.02.0004","Aluguel a Pagar",210602,"other","outras_obrigaçoes"
2106020005,"2.1.06.02.0005","Doações a Pagar",210602,"other","outras_obrigaçoes"
2106020006,"2.1.06.02.0006","Pensão Alimenticia a Pagar",210602,"other","outras_obrigaçoes"
210603,"2.1.06.03","ADIANTAMENTO DE CLIENTES",2106,"view","view"
2106030001,"2.1.06.03.0001","Adiantamento Clientes",210603,"other","outras_obrigaçoes"
22,"2.2","PASSIVO NÃO CIRCULANTE",2,"view","view"
2201,"2.2.01","EXIGÍVEL A LONGO PRAZO",22,"view","view"
220101,"2.2.01.01","FINANCIAMENTOS A LONGO PRAZO - SFN",2201,"view","view"
2201010001,"2.2.01.01.0001","Banco Conta Empréstimo",220101,"other","passivo_longo_prazo"
220102,"2.2.01.02","EMPRÉSTIMO DE SÓCIOS",2201,"view","view"
2201020001,"2.2.01.02.0001","Sócio",220102,"other","passivo_longo_prazo"
220103,"2.2.01.03","EMPRÉSTIMO DE EMPRESAS LIGADAS",2201,"view","view"
2201030001,"2.2.01.03.0001","Empresas Ligadas",220103,"other","passivo_longo_prazo"
220104,"2.2.01.04","EMPRÉSTIMOS A TERCEIROS",2201,"view","view"
2201040001,"2.2.01.04.0001","Terceiro",220104,"other","passivo_longo_prazo"
220105,"2.2.01.05","PARCELAMENTOS TRIBUTÁRIOS",2201,"view","view"
2201050001,"2.2.01.05.0001","COFINS Parcelamento",220105,"other","passivo_longo_prazo"
2201050002,"2.2.01.05.0002","PIS Parcelamento",220105,"other","passivo_longo_prazo"
2201050003,"2.2.01.05.0003","IPI Parcelamento",220105,"other","passivo_longo_prazo"
2201050004,"2.2.01.05.0004","ICMS Parcelamento",220105,"other","passivo_longo_prazo"
2201050005,"2.2.01.05.0005","ISS Parcelamento",220105,"other","passivo_longo_prazo"
2201050006,"2.2.01.05.0006","IRPJ Parcelamento",220105,"other","passivo_longo_prazo"
2201050007,"2.2.01.05.0007","CSLL Parcelamento",220105,"other","passivo_longo_prazo"
2201050008,"2.2.01.05.0008","INSS Parcelamento",220105,"other","passivo_longo_prazo"
2201050009,"2.2.01.05.0009","FGTS Parcelamento",220105,"other","passivo_longo_prazo"
2203,"2.2.03","RECEITA DIFERIDA",22,"view","view"
220301,"2.2.03.01","RECEITAS DIFERIDAS",2203,"view","view"
2203010001,"2.2.03.01.0001","Receitas a Realizar",220301,"other","receita_diferida"
220302,"2.2.03.02","CUSTOS DIFERIDOS",2203,"view","view"
2203020001,"2.2.03.02.0001","Custos Diferidos",220302,"other","receita_diferida"
220303,"2.2.03.03","DESPESAS DIFERIDAS",2203,"view","view"
2203030001,"2.2.03.03.0001","Despesas Diferidas",220303,"other","receita_diferida"
24,"2.4","PATRIMÔNIO LÍQUIDO",2,"view","view"
2401,"2.4.01","CAPITAL SOCIAL",24,"view","view"
240101,"2.4.01.01","CAPITAL SOCIAL REALIZADO",2401,"view","view"
2401010001,"2.4.01.01.0001","Capital Social Realizado",240101,"other","capital_social"
240102,"2.4.01.02","(-) CAPITAL A REALIZAR",2401,"view","view"
2401020001,"2.4.01.02.0001","Capital Social a Realizar ",240102,"other","capital_social"
2402,"2.4.02","RESERVAS",24,"view","view"
240201,"2.4.02.01","RESERVAS DE CAPITAL",2402,"view","view"
2402010001,"2.4.02.01.0001","Reserva de Correção do Capital Realizado",240201,"other","reservas"
240202,"2.4.02.02","AJUSTES DE AVALIAÇÃO PATRIMONIAL",2402,"view","view"
2402020001,"2.4.02.02.0001","Ajustes de Avaliação Patrimonial",240202,"other","reservas"
240203,"2.4.02.03","RESERVAS DE LUCROS",2402,"view","view"
2402030001,"2.4.02.03.0001","Reserva de Lucros",240203,"other","reservas"
2402030002,"2.4.02.03.0002","Reserva para Aumento de Capital",240203,"other","reservas"
240204,"2.4.02.04","PREJUÍZOS ACUMULADOS",2402,"view","view"
2402040002,"2.4.02.04.0002","(-) Prejuízos Acumulados",240204,"other","reservas"
2402040003,"2.4.02.04.0003","Ajustes Credores Exercícios Anteriores",240204,"other","reservas"
2402040004,"2.4.02.04.0004","Ajustes Devedores Exercícios Anteriores",240204,"other","reservas"
240205,"2.4.02.05","RESULTADO DO EXERCÍCIO",2402,"view","view"
2402050001,"2.4.02.05.0001","Lucro do Exercício",240205,"other","reservas"
2402050002,"2.4.02.05.0002","Prejuízo do Exercício",240205,"other","reservas"
240206,"2.4.02.06","(-) LUCROS DISTRIBUÍDOS",2402,"view","view"
2402060001,"2.4.02.06.0001","Lucros Distribuídos",240206,"other","reservas"
"3","3","CONTAS DE RESULTADO - CUSTOS E DESPESAS",0,"view","view"
31,"3.1","CUSTOS","3","view","view"
3101,"3.1.01","CUSTOS DAS MERCADORIAS E PRODUTOS",31,"view","view"
310101,"3.1.01.01","CUSTOS DAS MERCADORIAS VENDIDAS",3101,"view","view"
3101010001,"3.1.01.01.0001","Custo das Mercadorias Vendidas",310101,"other","custos"
3102,"3.1.02","CUSTO DOS PRODUTOS VENDIDOS",31,"view","view"
310201,"3.1.02.01","CUSTO DAS MATÉRIAS PRIMAS",3102,"view","view"
3102010001,"3.1.02.01.0001","Custo das Matérias Primas",310201,"other","custos"
310202,"3.1.02.02","CUSTO DOS PRODUTOS ACABADOS",3102,"view","view"
3102020001,"3.1.02.02.0001","Custo dos Produtos Acabados",310202,"other","custos"
310203,"3.1.02.03","CUSTO DE MÃO-DE-OBRA DIRETA",3102,"view","view"
3102030001,"3.1.02.03.0001","Salários",310203,"other","custos"
3102030002,"3.1.02.03.0002","Horas Extras",310203,"other","custos"
3102030003,"3.1.02.03.0003","Adicional Noturno",310203,"other","custos"
3102030004,"3.1.02.03.0004","Férias",310203,"other","custos"
3102030005,"3.1.02.03.0005","13º Salário",310203,"other","custos"
3102030006,"3.1.02.03.0006","Aviso Prévio/Indeniz.Trabalhistas",310203,"other","custos"
3102030007,"3.1.02.03.0007","Gratificações",310203,"other","custos"
3102030008,"3.1.02.03.0008","INSS Empresa",310203,"other","custos"
3102030009,"3.1.02.03.0009","FGTS ",310203,"other","custos"
3102030010,"3.1.02.03.0010","Adicional Insalubridade",310203,"other","custos"
3102030011,"3.1.02.03.0011","Vale Transporte",310203,"other","custos"
3102030012,"3.1.02.03.0012","PAT - Programa Alim. Trabalhador",310203,"other","custos"
3102030013,"3.1.02.03.0013","Assistência Médica",310203,"other","custos"
3102030014,"3.1.02.03.0014","DSR - Descanso Semanal Remunerado",310203,"other","custos"
3102030015,"3.1.02.03.0015","Salário Estagiários",310203,"other","custos"
3102030016,"3.1.02.03.0016","Previdência Privada",310203,"other","custos"
3102030017,"3.1.02.03.0017","Vestuário",310203,"other","custos"
3102030018,"3.1.02.03.0018","Assiduidade",310203,"other","custos"
3102030019,"3.1.02.03.0019","Abono Salarial",310203,"other","custos"
3102030020,"3.1.02.03.0020","Vale Refeição",310203,"other","custos"
3102030021,"3.1.02.03.0021","Farmácia",310203,"other","custos"
3102030022,"3.1.02.03.0022","Pró-Labore",310203,"other","custos"
310204,"3.1.02.04","GASTOS GERAIS DE FABRICAÇÃO",3102,"view","view"
3102040002,"3.1.02.04.0002","Aluguel",310204,"other","custos"
3102040003,"3.1.02.04.0003","Água e Esgoto",310204,"other","custos"
3102040004,"3.1.02.04.0004","Energia Elétrica",310204,"other","custos"
3102040005,"3.1.02.04.0005","Fretes e Carretos",310204,"other","custos"
3102040006,"3.1.02.04.0006","Material de Consumo",310204,"other","custos"
3102040007,"3.1.02.04.0007","Condução",310204,"other","custos"
3102040008,"3.1.02.04.0008","Contribuição Sindical/Assoc.de Classe",310204,"other","custos"
3102040009,"3.1.02.04.0009","Material de Limpeza",310204,"other","custos"
3102040010,"3.1.02.04.0010","Seguros",310204,"other","custos"
3102040011,"3.1.02.04.0011","Viagens e Estadias",310204,"other","custos"
3102040012,"3.1.02.04.0012","Manutenção de Equipamentos",310204,"other","custos"
3102040013,"3.1.02.04.0013","Depreciações e Amortizações",310204,"other","custos"
3102040014,"3.1.02.04.0014","Combustíveis e Lubrificantes",310204,"other","custos"
3102040015,"3.1.02.04.0015","Bens de Pequeno Valor",310204,"other","custos"
3102040016,"3.1.02.04.0016","Leasing",310204,"other","custos"
3102040017,"3.1.02.04.0017","Formação de Pessoal",310204,"other","custos"
3102040018,"3.1.02.04.0018","Serviços de Terceiros - Pessoa Jurídica",310204,"other","custos"
3102040019,"3.1.02.04.0019","Locação de Equipamentos",310204,"other","custos"
3102040020,"3.1.02.04.0020","Feiras/Congressos/Simpósios/Cursos",310204,"other","custos"
3102040021,"3.1.02.04.0021","Telefone",310204,"other","custos"
3102040022,"3.1.02.04.0022","Comissões sobre Serviços",310204,"other","custos"
3102040023,"3.1.02.04.0023","Jornais, Revistas e Periódicos",310204,"other","custos"
3102040024,"3.1.02.04.0024","Confraternizações",310204,"other","custos"
3102040025,"3.1.02.04.0025","Manutenção de Prédios",310204,"other","custos"
3102040026,"3.1.02.04.0026","Brindes e Amostras",310204,"other","custos"
3102040027,"3.1.02.04.0027","Aluguel de Equipamentos",310204,"other","custos"
3102040028,"3.1.02.04.0028","Serv.de Terceiros P.Física - Autônomos",310204,"other","custos"
3102040029,"3.1.02.04.0029","Manutenção de Veículos",310204,"other","custos"
3102040030,"3.1.02.04.0030","Despesas de Importação",310204,"other","custos"
3102040031,"3.1.02.04.0031","(-) Crédito PIS Não-Cumulativo",310204,"other","custos"
3102040032,"3.1.02.04.0032","(-) Crédito Cofins Não-Cumulativo",310204,"other","custos"
310205,"3.1.02.05","ESTOQUE INICIAL DE PROD.EM ELABORAÇÃO",3102,"view","view"
3102050001,"3.1.02.05.0001","Estoque Inicial de Prod. em Elaboração",310205,"other","custos"
310206,"3.1.02.06","ESTOQUE INICIAL DE PROD.ACABADOS",3102,"view","view"
3102060001,"3.1.02.06.0001","Estoque Inicial de Prod.Acabados",310206,"other","custos"
310207,"3.1.02.07","ESTOQUE FINAL DE PROD.EM ELABORAÇÃO",3102,"view","view"
3102070001,"3.1.02.07.0001","Estoque Final de Prod.em Elaboração",310207,"other","custos"
310208,"3.1.02.08","ESTOQUE FINAL DE PROD.ACABADOS",3102,"view","view"
3102080001,"3.1.02.08.0001","Estoque Final de Prod.Acabados",310208,"other","custos"
32,"3.2","DESPESAS",3,"view","view"
3201,"3.2.01","DESPESAS OPERACIONAIS COMERCIAIS",32,"view","view"
320101,"3.2.01.01","DESPESAS TRABALHISTAS",3201,"view","view"
3201010001,"3.2.01.01.0001","Salários",320101,"other","despesas_operacionais_comerciais"
3201010002,"3.2.01.01.0002","Horas Extras",320101,"other","despesas_operacionais_comerciais"
3201010003,"3.2.01.01.0003","Vale Transporte",320101,"other","despesas_operacionais_comerciais"
3201010004,"3.2.01.01.0004","Férias",320101,"other","despesas_operacionais_comerciais"
3201010005,"3.2.01.01.0005","13º Salário",320101,"other","despesas_operacionais_comerciais"
3201010006,"3.2.01.01.0006","Aviso Prévio/Indeniz.Trabalhisas",320101,"other","despesas_operacionais_comerciais"
3201010007,"3.2.01.01.0007","Gratificações",320101,"other","despesas_operacionais_comerciais"
3201010008,"3.2.01.01.0008","Assiduidade",320101,"other","despesas_operacionais_comerciais"
3201010009,"3.2.01.01.0009","Abono Salarial",320101,"other","despesas_operacionais_comerciais"
3201010010,"3.2.01.01.0010","Adicional de Insalubridade",320101,"other","despesas_operacionais_comerciais"
3201010011,"3.2.01.01.0011","Vale Refeição",320101,"other","despesas_operacionais_comerciais"
3201010012,"3.2.01.01.0012","Adicional Noturno",320101,"other","despesas_operacionais_comerciais"
3201010013,"3.2.01.01.0013","Farmácia",320101,"other","despesas_operacionais_comerciais"
3201010014,"3.2.01.01.0014","PAT - Programa Alim. Trabalhador",320101,"other","despesas_operacionais_comerciais"
3201010015,"3.2.01.01.0015","Pró-Labore",320101,"other","despesas_operacionais_comerciais"
3201010016,"3.2.01.01.0016","Assistência Médica",320101,"other","despesas_operacionais_comerciais"
320102,"3.2.01.02","ENCARGOS SOCIAIS",3201,"view","view"
3201020001,"3.2.01.02.0001","Inss",320102,"other","despesas_operacionais_comerciais"
3201020002,"3.2.01.02.0002","Fgts",320102,"other","despesas_operacionais_comerciais"
320103,"3.2.01.03","DESPESAS GERAIS COMERCIAIS",3201,"view","view"
3201030001,"3.2.01.03.0001","Comissões sobre Vendas",320103,"other","despesas_operacionais_comerciais"
3201030002,"3.2.01.03.0002","Aluguel",320103,"other","despesas_operacionais_comerciais"
3201030003,"3.2.01.03.0003","Agua e Esgoto",320103,"other","despesas_operacionais_comerciais"
3201030004,"3.2.01.03.0004","Energia Elétrica",320103,"other","despesas_operacionais_comerciais"
3201030006,"3.2.01.03.0006","Material de Expediente",320103,"other","despesas_operacionais_comerciais"
3201030007,"3.2.01.03.0007","Condução",320103,"other","despesas_operacionais_comerciais"
3201030008,"3.2.01.03.0008","Correios e Malotes",320103,"other","despesas_operacionais_comerciais"
3201030009,"3.2.01.03.0009","Material de Limpeza",320103,"other","despesas_operacionais_comerciais"
3201030010,"3.2.01.03.0010","Seguros",320103,"other","despesas_operacionais_comerciais"
3201030011,"3.2.01.03.0011","Viagens e Estadias",320103,"other","despesas_operacionais_comerciais"
3201030012,"3.2.01.03.0012","Manutenção e Conservação",320103,"other","despesas_operacionais_comerciais"
3201030013,"3.2.01.03.0013","Depreciação e Amortização",320103,"other","despesas_operacionais_comerciais"
3201030014,"3.2.01.03.0014","Propaganda e Publicidade",320103,"other","despesas_operacionais_comerciais"
3201030015,"3.2.01.03.0015","Fretes e Carretos",320103,"other","despesas_operacionais_comerciais"
3201030016,"3.2.01.03.0016","Combustíveis e Lubrificantes",320103,"other","despesas_operacionais_comerciais"
3201030017,"3.2.01.03.0017","Leasing",320103,"other","despesas_operacionais_comerciais"
3201030018,"3.2.01.03.0018","Serv.Terceiros P.Física - Autônomos",320103,"other","despesas_operacionais_comerciais"
3201030019,"3.2.01.03.0019","Serv.Terceiros Pessoa Jurídica",320103,"other","despesas_operacionais_comerciais"
3201030020,"3.2.01.03.0020","Feiras/Congressos/Simpósios/Cursos",320103,"other","despesas_operacionais_comerciais"
3201030021,"3.2.01.03.0021","Telefone",320103,"other","despesas_operacionais_comerciais"
3201030022,"3.2.01.03.0022","Despesas com Exportação",320103,"other","despesas_operacionais_comerciais"
3201030024,"3.2.01.03.0024","Jornais, Revistas e Periódicos",320103,"other","despesas_operacionais_comerciais"
3201030025,"3.2.01.03.0025","Refeições e Lanches",320103,"other","despesas_operacionais_comerciais"
3201030026,"3.2.01.03.0026","Confraternizações",320103,"other","despesas_operacionais_comerciais"
3201030027,"3.2.01.03.0027","Brindes",320103,"other","despesas_operacionais_comerciais"
3201030028,"3.2.01.03.0028","Internet",320103,"other","despesas_operacionais_comerciais"
3202,"3.2.02","DESPESAS ADMINISTRATIVAS",32,"view","view"
320201,"3.2.02.01","DESPESAS TRABALHISTAS",3202,"view","view"
3202010001,"3.2.02.01.0001","Pro-Labore",320201,"other","despesas_trabalhistas"
3202010002,"3.2.02.01.0002","Salários",320201,"other","despesas_trabalhistas"
3202010003,"3.2.02.01.0003","Horas Extras",320201,"other","despesas_trabalhistas"
3202010004,"3.2.02.01.0004","Férias",320201,"other","despesas_trabalhistas"
3202010005,"3.2.02.01.0005","13º Salário",320201,"other","despesas_trabalhistas"
3202010006,"3.2.02.01.0006","Aviso Prévio/Indeniz.Trabalhistas",320201,"other","despesas_trabalhistas"
3202010007,"3.2.02.01.0007","Gratificações",320201,"other","despesas_trabalhistas"
3202010008,"3.2.02.01.0008","Adicional Insalubridade",320201,"other","despesas_trabalhistas"
3202010009,"3.2.02.01.0009","Adicional Noturno",320201,"other","despesas_trabalhistas"
3202010010,"3.2.02.01.0010","Vale Transporte",320201,"other","despesas_trabalhistas"
3202010011,"3.2.02.01.0011","Farmácia",320201,"other","despesas_trabalhistas"
3202010012,"3.2.02.01.0012","Vale Refeição",320201,"other","despesas_trabalhistas"
3202010013,"3.2.02.01.0013","PAT - Programa Alim. Trabalhador",320201,"other","despesas_trabalhistas"
3202010014,"3.2.02.01.0014","Salário Estagiários",320201,"other","despesas_trabalhistas"
3202010015,"3.2.02.01.0015","Assiduidade",320201,"other","despesas_trabalhistas"
3202010016,"3.2.02.01.0016","Abono Salarial",320201,"other","despesas_trabalhistas"
3202010017,"3.2.02.01.0017","Previdência Privada",320201,"other","despesas_trabalhistas"
3202010018,"3.2.02.01.0018","Assistência Médica",320201,"other","despesas_trabalhistas"
320202,"3.2.02.02","ENCARGOS SOCIAIS",3202,"view","view"
3202020001,"3.2.02.02.0001","Inss",320202,"other","despesas_trabalhistas"
3202020002,"3.2.02.02.0002","Fgts",320202,"other","despesas_trabalhistas"
320203,"3.2.02.03","DESPESAS GERAIS ADMINISTRATIVAS",3202,"view","view"
3202030001,"3.2.02.03.0001","Aluguel",320203,"other","despesas_adminitrativas"
3202030002,"3.2.02.03.0002","Água e Esgoto",320203,"other","despesas_adminitrativas"
3202030003,"3.2.02.03.0003","Energia Elétrica",320203,"other","despesas_adminitrativas"
3202030004,"3.2.02.03.0004","Copa, Cozinha e Refeitório",320203,"other","despesas_adminitrativas"
3202030005,"3.2.02.03.0005","Material de Escritório",320203,"other","despesas_adminitrativas"
3202030006,"3.2.02.03.0006","Fretes e Carretos",320203,"other","despesas_adminitrativas"
3202030007,"3.2.02.03.0007","Correios e Malotes",320203,"other","despesas_adminitrativas"
3202030008,"3.2.02.03.0008","Material de Limpeza",320203,"other","despesas_adminitrativas"
3202030009,"3.2.02.03.0009","Seguros",320203,"other","despesas_adminitrativas"
3202030010,"3.2.02.03.0010","Viagens e Estadias",320203,"other","despesas_adminitrativas"
3202030011,"3.2.02.03.0011","Manutenção e Conservação",320203,"other","despesas_adminitrativas"
3202030012,"3.2.02.03.0012","Depreciação e Amortização",320203,"other","despesas_adminitrativas"
3202030013,"3.2.02.03.0013","Sindicato Patronal/Assoc.de Classe",320203,"other","despesas_adminitrativas"
3202030014,"3.2.02.03.0014","Feiras/Congressos/Simpósios/Cursos",320203,"other","despesas_adminitrativas"
3202030015,"3.2.02.03.0015","Internet",320203,"other","despesas_adminitrativas"
3202030016,"3.2.02.03.0016","Combustíveis e Lubrificantes",320203,"other","despesas_adminitrativas"
3202030017,"3.2.02.03.0017","Leasing",320203,"other","despesas_adminitrativas"
3202030018,"3.2.02.03.0018","Serviço de Terceiros - Pessoa Jurídica",320203,"other","despesas_adminitrativas"
3202030019,"3.2.02.03.0019","Telefone",320203,"other","despesas_adminitrativas"
3202030020,"3.2.02.03.0020","Legais e Judiciais",320203,"other","despesas_adminitrativas"
3202030021,"3.2.02.03.0021","Bens de Pequeno Valor",320203,"other","despesas_adminitrativas"
3202030022,"3.2.02.03.0022","Jornais Revistas e Periódicos",320203,"other","despesas_adminitrativas"
3202030023,"3.2.02.03.0023","Cópias e Reproduções",320203,"other","despesas_adminitrativas"
3202030024,"3.2.02.03.0024","Confraternizações",320203,"other","despesas_adminitrativas"
3202030025,"3.2.02.03.0025","Formação de Pessoal",320203,"other","despesas_adminitrativas"
3202030026,"3.2.02.03.0026","Segurança e Vigilância",320203,"other","despesas_adminitrativas"
3202030027,"3.2.02.03.0027","Despesas com Veículos",320203,"other","despesas_adminitrativas"
3202030028,"3.2.02.03.0028","Impressos",320203,"other","despesas_adminitrativas"
3202030029,"3.2.02.03.0029","Refeições e Lanches",320203,"other","despesas_adminitrativas"
3202030030,"3.2.02.03.0030","Comissões",320203,"other","despesas_adminitrativas"
3202030031,"3.2.02.03.0031","Condução ",320203,"other","despesas_adminitrativas"
3202030032,"3.2.02.03.0032","Telefone Linha Fixa",320203,"other","despesas_adminitrativas"
3202030033,"3.2.02.03.0033","Telefone Móvel Celular",320203,"other","despesas_adminitrativas"
3202030034,"3.2.02.03.0034","Telefone Nextel",320203,"other","despesas_adminitrativas"
3202030035,"3.2.02.03.0035","Crea-PR",320203,"other","despesas_adminitrativas"
3202030036,"3.2.02.03.0036","Despesas de Cartório",320203,"other","despesas_adminitrativas"
3202030037,"3.2.02.03.0037","Material de Consumo",320203,"other","despesas_adminitrativas"
3202030038,"3.2.02.03.0038","Donativos e Contribuições",320203,"other","despesas_adminitrativas"
3202030039,"3.2.02.03.0039","Locação de Equipamentos",320203,"other","despesas_adminitrativas"
320204,"3.2.02.04","DESPESAS INDEDUTÍVEIS",3202,"view","view"
3202040001,"3.2.02.04.0001","Autos de Infração",320204,"other","despesas_adminitrativas"
3202040002,"3.2.02.04.0002","Multas Punitívas",320204,"other","despesas_adminitrativas"
3202040003,"3.2.02.04.0003","Contribuições e Doações",320204,"other","despesas_adminitrativas"
3202040004,"3.2.02.04.0004","Impostos Federais - Exerc. Anteriores",320204,"other","despesas_adminitrativas"
3202040005,"3.2.02.04.0005","Impostos Estaduais - Exerc. Anteriores",320204,"other","despesas_adminitrativas"
3202040006,"3.2.02.04.0006","Impostos Municipais - Exerc.Anteriores",320204,"other","despesas_adminitrativas"
3203,"3.2.03","DESPESAS FINANCEIRAS",32,"view","view"
320301,"3.2.03.01","DESPESAS COM ATUALIZAÇÕES",3203,"view","view"
3203010001,"3.2.03.01.0001","Variação Monetária Passiva",320301,"other","despesas_financeiras"
3203010002,"3.2.03.01.0002","Variação Cambial Passiva",320301,"other","despesas_financeiras"
3203010003,"3.2.03.01.0003","Despesas de Cobrança",320301,"other","despesas_financeiras"
3203010004,"3.2.03.01.0004","Despesas Bancárias",320301,"other","despesas_financeiras"
320302,"3.2.03.02","JUROS E DESCONTOS",3203,"view","view"
3203020001,"3.2.03.02.0001","Juros de Mora",320302,"other","despesas_financeiras"
3203020002,"3.2.03.02.0002","Descontos Concedidos",320302,"other","despesas_financeiras"
3203020003,"3.2.03.02.0003","Juros s/ Empréstimos e Financiamentos",320302,"other","despesas_financeiras"
3203020004,"3.2.03.02.0004","Juros s/ Descontos de Duplicatas",320302,"other","despesas_financeiras"
3204,"3.2.04","DESPESAS TRIBUTÁRIAS",32,"view","view"
320401,"3.2.04.01","IMPOSTOS, TAXAS E CONTRIBUIÇÕES",3204,"view","view"
3204010001,"3.2.04.01.0001","IOF",320401,"other","despesas_tributarias"
3204010002,"3.2.04.01.0002","CPMF",320401,"other","despesas_tributarias"
3204010003,"3.2.04.01.0003","IPTU",320401,"other","despesas_tributarias"
3204010004,"3.2.04.01.0004","IPVA",320401,"other","despesas_tributarias"
3204010005,"3.2.04.01.0005","IRF (Exclusivo na Fonte)",320401,"other","despesas_tributarias"
3204010006,"3.2.04.01.0006","Impostos e Taxas Federais",320401,"other","despesas_tributarias"
3204010007,"3.2.04.01.0007","Impostos e Taxas Estaduais",320401,"other","despesas_tributarias"
3204010008,"3.2.04.01.0008","Impostos e Taxas Municipais",320401,"other","despesas_tributarias"
320402,"3.2.04.02","MULTAS",3204,"view","view"
3204020001,"3.2.04.02.0001","Multas Fiscais Compensatórias",320402,"other","despesas_tributarias"
3204020002,"3.2.04.02.0002","Multas de Mora",320402,"other","despesas_tributarias"
3204020003,"3.2.04.02.0003","Multas Contratuais",320402,"other","despesas_tributarias"
3205,"3.2.05","OUTRAS DESPESAS OPERACIONAIS",32,"view","view"
320501,"3.2.05.01","PERDAS",3205,"view","view"
3205010001,"3.2.05.01.0001","Perdas com Duplicatas Incobráveis",320501,"other","outras_despesas_operacionais"
3206,"3.2.06","DESPESAS NÃO OPERACIONAIS",32,"view","view"
320601,"3.2.06.01","PERDAS",3206,"view","view"
3206010001,"3.2.06.01.0001","Perda crédito de ICMS s/ Imobilizado",320601,"other","depesas_nao_operacionais"
3206010001,"3.2.06.01.0001","Perdas com Sinistros",320601,"other","depesas_nao_operacionais"
3206010001,"3.2.06.01.0001","Perdas na Alienação de Imobilizado",320601,"other","depesas_nao_operacionais"
3206010001,"3.2.06.01.0001","Perdas na Alienação de Investimentos",320601,"other","depesas_nao_operacionais"
3206010001,"3.2.06.01.0001","Perdas, Deterioração de Mercadorias",320601,"other","depesas_nao_operacionais"
"4","4","CONTAS DE RESULTADO - RECEITAS",0,"view","view"
41,"4.1","RECEITAS",4,"view","view"
4101,"4.1.01","RECEITAS OPERACIONAIS VENDAS E SERVIÇOS",41,"view","view"
410101,"4.1.01.01","RECEITA BRUTA VENDAS NO PAÍS ",4101,"view","view"
4101010001,"4.1.01.01.0001","Venda Produtos Fabricação Própria - MTZ",410101,"other","receitas"
4101010002,"4.1.01.01.0002","Industrialização de Mercadorias - MTZ",410101,"other","receitas"
4101010003,"4.1.01.01.0003","Revenda de Mercadorias - MTZ",410101,"other","receitas"
4101010004,"4.1.01.01.0004","Venda Fabricação Própria - Filial",410101,"other","receitas"
4101010005,"4.1.01.01.0005","Industriazalição de Mercadorias - Filial",410101,"other","receitas"
4101010006,"4.1.01.01.0006","Revenda de Mercadorias - Filial",410101,"other","receitas"
410102,"4.1.01.02","RECEITA DE SERVIÇOS NO PAIS ",4101,"view","view"
4101020001,"4.1.01.02.0001","Receita de Serviços - MTZ",410102,"other","receitas"
4101020002,"4.1.01.02.0002","Receita de Serviços - Filial",410102,"other","receitas"
410103,"4.1.01.03","RECEITA BRUTA DE VENDAS P/EXTERIOR",4101,"view","view"
4101030001,"4.1.01.03.0001","Venda de Produtos Fabricação Própria(EX)",410103,"other","receitas"
4101030002,"4.1.01.03.0002","Revenda de Mercadorias (EX)",410103,"other","receitas"
4102,"4.1.02","(-) DEDUÇÕES DA RECEITA BRUTA",41,"view","view"
410201,"4.1.02.01","DEVOLUÇÕES E ABATIMENTOS",4102,"view","view"
4102010001,"4.1.02.01.0001","Devolução de Vendas - MTZ",410201,"other","receitas"
4102010002,"4.1.02.01.0002","Abatimentos Concedidos - MTZ",410201,"other","receitas"
4102010003,"4.1.02.01.0003","Devolução de Vendas - Filial",410201,"other","receitas"
4102010004,"4.1.02.01.0004","Abatimentos Concedidos - Filial",410201,"other","receitas"
410202,"4.1.02.02","IMPOSTOS SOBRE VENDAS E SERVIÇOS",4102,"view","view"
4102020001,"4.1.02.02.0001","ICMS sobre Vendas - MTZ",410202,"other","receitas"
4102020002,"4.1.02.02.0002","IPI sobre Vendas - MTZ",410202,"other","receitas"
4102020003,"4.1.02.02.0003","PIS sobre Vendas ",410202,"other","receitas"
4102020004,"4.1.02.02.0004","COFINS sobre Vendas",410202,"other","receitas"
4102020005,"4.1.02.02.0005","ISS sobre Serviços - MTZ",410202,"other","receitas"
4102020006,"4.1.02.02.0006","ICMS sobre Vendas - Filial",410202,"other","receitas"
4102020007,"4.1.02.02.0007","IPI sobre Vendas - Filial",410202,"other","receitas"
4102020008,"4.1.02.02.0008","ISS sobre Serviços - Filial",410202,"other","receitas"
410203,"4.1.02.03","(-) IMPOSTOS S/ DEVOLUÇÃO DE VENDAS",4102,"view","view"
4102030001,"4.1.02.03.0001","(-) Cofins Não-Cumulativo s/ Dev. Vendas",410203,"other","receitas"
4102030001,"4.1.02.03.0001","(-) ICMS sobre Devolução de Vendas",410203,"other","receitas"
4102030001,"4.1.02.03.0001","(-) IPI s/Devolução de Vendas",410203,"other","receitas"
4102030001,"4.1.02.03.0001","(-) Pis Não-Cumulativo s/ Dev. Vendas",410203,"other","receitas"
4103,"4.1.03","RECEITAS FINANCEIRAS",41,"view","view"
410301,"4.1.03.01","RECEITAS COM ATUALIZAÇÕES",4103,"view","view"
4103010001,"4.1.03.01.0001","Variação Monetária Ativa",410301,"other","receitas"
4103010002,"4.1.03.01.0002","Variação Cambial Ativa",410301,"other","receitas"
410302,"4.1.03.02","GANHOS COM APLICAÇÕES FINANCEIRAS",4103,"view","view"
4103020001,"4.1.03.02.0001","Rend. Aplic.Automática C/Corrente",410302,"other","receitas"
4103020002,"4.1.03.02.0002","Ganho Real Aplicações Renda Fixa",410302,"other","receitas"
4103020003,"4.1.03.02.0003","Ganho Real Aplic.Renda Variável",410302,"other","receitas"
4103020004,"4.1.03.02.0004","Rendimento Caderneta de Poupança",410302,"other","receitas"
410303,"4.1.03.03","JUROS E DESCONTOS OBTIDOS",4103,"view","view"
4103030001,"4.1.03.03.0001","Juros Recebidos",410303,"other","receitas"
4103030002,"4.1.03.03.0002","Descontos Obtidos",410303,"other","receitas"
410304,"4.1.03.04","(-) TRIBUTOS S/RECEITAS FINANCEIRAS",4103,"view","view"
4103040001,"4.1.03.04.0001","PIS sobre Receitas Financeiras",410304,"other","receitas"
4103040002,"4.1.03.04.0002","COFINS sobre Receitas Financeiras",410304,"other","receitas"
4104,"4.1.04","OUTRAS RECEITAS OPERACIONAIS",41,"view","view"
410401,"4.1.04.01","LUCROS PARTIC.EM OUTRAS SOCIEDADES",4104,"view","view"
4104010001,"4.1.04.01.0001","Resultado de Coligadas e Controladas",410401,"other","receitas"
410402,"4.1.04.02","VENDAS DIVERSAS",4104,"view","view"
4104020001,"4.1.04.02.0001","Venda de Sucatas",410402,"other","receitas"
410403,"4.1.04.03","BRINDES E AMOSTRAS",4104,"view","view"
4104030001,"4.1.04.03.0001","Brindes e Bonificações",410403,"other","receitas"
4104030002,"4.1.04.03.0002","Amostras",410403,"other","receitas"
42,"4.2","RESULTADOS NÃO OPERACIONAIS",4,"view","view"
4201,"4.2.01","ALIENAÇÃO DE BENS PERMANENTES",42,"view","view"
420101,"4.2.01.01","ALIENAÇÃO DE INVESTIMENTOS",4201,"view","view"
4201010001,"4.2.01.01.0001","Dividendos Recebidos",420101,"other","resultados_nao_operacionais"
4201010002,"4.2.01.01.0002","Alienação Partic.Societárias",420101,"other","resultados_nao_operacionais"
420102,"4.2.01.02","ALIENAÇÃO DE IMOBILIZADO",4201,"view","view"
4201020001,"4.2.01.02.0001","Alienação de Máquinas e Equipamentos",420102,"other","resultados_nao_operacionais"
4201020002,"4.2.01.02.0002","Alienação de Móveis e Utensílios",420102,"other","resultados_nao_operacionais"
4201020003,"4.2.01.02.0003","Alienação de Ferramentas",420102,"other","resultados_nao_operacionais"
4201020004,"4.2.01.02.0004","Alienação de Imóveis",420102,"other","resultados_nao_operacionais"
4201020005,"4.2.01.02.0005","Alienação de Veículos",420102,"other","resultados_nao_operacionais"
4201020006,"4.2.01.02.0006","Alienação de Equip.de Informática",420102,"other","resultados_nao_operacionais"
4202,"4.2.02","DEDUÇÕES DAS ALIENAÇÕES DE BENS",42,"view","view"
420201,"4.2.02.01","CUSTO DA ALIENAÇÃO DE INVESTIMENTOS",4202,"view","view"
4202010001,"4.2.02.01.0001","Custo Alienação Partic.Societárias",420201,"other","resultados_nao_operacionais"
420202,"4.2.02.02","CUSTO DA ALIENAÇÃO DE IMOBILIZADO",4202,"view","view"
4202020001,"4.2.02.02.0001","Custo Alienação Máqs.e Equipamentos",420202,"other","resultados_nao_operacionais"
4202020002,"4.2.02.02.0002","Custo Alienação Movs.e Utensílios",420202,"other","resultados_nao_operacionais"
4202020003,"4.2.02.02.0003","Custo Alienação Ferramentas",420202,"other","resultados_nao_operacionais"
4202020004,"4.2.02.02.0004","Custo Alienação de Imóveis",420202,"other","resultados_nao_operacionais"
4202020005,"4.2.02.02.0005","Custo Alienação de Veículos",420202,"other","resultados_nao_operacionais"
4202020006,"4.2.02.02.0006","Custo Alienação Equip.Informática",420202,"other","resultados_nao_operacionais"
4203,"4.2.03","OUTRAS RECEITAS NÃO OPERACIONAIS",42,"view","view"
420301,"4.2.03.01","INDENIZAÇÃO DE SEGUROS",4203,"view","view"
4203010001,"4.2.03.01.0001","Indenização de Seguros",420301,"other","resultados_nao_operacionais"
420302,"4.2.03.02","OUTRAS RECEITAS",4203,"view","view"
4203020001,"4.2.03.02.0001","Recuperação de Despesas",420302,"other","resultados_nao_operacionais"
"5","5","CONTAS DE FECHAMENTO DE BALANÇO",0,"view","view"
51,"5.1","RESULTADO DO EXERCÍCIO",5,"view","view"
5101,"5.1.01","RESULTADO OPERACIONAL",51,"view","view"
510101,"5.1.01.01","PROVISÃO IMPOSTOS E CONTRIB. S/ O LUCRO",5101,"view","view"
5101010001,"5.1.01.01.0001","Provisão para IRPJ",510101,"other","resultado_do_exercicio"
5101010002,"5.1.01.01.0002","Provisão para Contribuição Social",510101,"other","resultado_do_exercicio"
510102,"5.1.01.02","RESULTADO FINAL DO EXERCÍCIO",5101,"view","view"
5101020001,"5.1.01.02.0001","Resultado Líquido do Exercício",510102,"other","resultado_do_exercicio"
