"id","name","meaning","start_pos","end_pos","assumed_comma","type","default_value","cnab_line_id/id","notes","sending_dynamic_content","content_source_field","return_dynamic_content","content_dest_field","cnab_group_id/id"
"l10n_br_cnab_structure.cnab_itau_240_header_1_3","CÓDIGO DO BANCO","CÓDIGO DO BCO NA COMPENSAÇÃO","1","3","0","num","341","l10n_br_cnab_structure.cnab_itau_240_header","","","company_partner_bank_id.bank_id.code_bc","","",""
"l10n_br_cnab_structure.cnab_itau_240_header_4_7","CÓDIGO DO LOTE","LOTE DE SERVIÇO","4","7","0","num","0","l10n_br_cnab_structure.cnab_itau_240_header","","","","","",""
"l10n_br_cnab_structure.cnab_itau_240_header_8_8","TIPO DE REGISTRO","REGISTRO HEADER DE ARQUIVO","8","8","0","num","0","l10n_br_cnab_structure.cnab_itau_240_header","","","","","",""
"l10n_br_cnab_structure.cnab_itau_240_header_9_14","BRANCOS","COMPLEMENTO DE REGISTRO","9","14","0","alpha","","l10n_br_cnab_structure.cnab_itau_240_header","","","","","",""
"l10n_br_cnab_structure.cnab_itau_240_header_15_17","LAYOUT DE ARQUIVO","N. DA VERSÃO DO LAYOUT DO ARQUIVO","15","17","0","num","80","l10n_br_cnab_structure.cnab_itau_240_header","","","","","",""
"l10n_br_cnab_structure.cnab_itau_240_header_18_18","EMPRESA – INSCRIÇÃO","TIPO DE INSCRIÇÃO DA EMPRESA","18","18","0","num","2","l10n_br_cnab_structure.cnab_itau_240_header","1 = CPF 2 = CNPJ","","","","",""
"l10n_br_cnab_structure.cnab_itau_240_header_19_32","INSCRIÇÃO NÚMERO","CNPJ EMPRESA DEBITADA","19","32","0","num","","l10n_br_cnab_structure.cnab_itau_240_header","","","company_id.cnpj_cpf","","cnpj_cpf",""
"l10n_br_cnab_structure.cnab_itau_240_header_33_52","BRANCOS","COMPLEMENTO DE REGISTRO","33","52","0","alpha","","l10n_br_cnab_structure.cnab_itau_240_header","","","","","",""
"l10n_br_cnab_structure.cnab_itau_240_header_53_57","AGÊNCIA","NÚMERO AGÊNCIA DEBITADA","53","57","0","num","","l10n_br_cnab_structure.cnab_itau_240_header","","","company_partner_bank_id.bra_number","","",""
"l10n_br_cnab_structure.cnab_itau_240_header_58_58","BRANCOS","COMPLEMENTO DE REGISTRO","58","58","0","alpha","","l10n_br_cnab_structure.cnab_itau_240_header","","","","","",""
"l10n_br_cnab_structure.cnab_itau_240_header_59_70","CONTA","NÚMERO DE C/C DEBITADA","59","70","0","num","","l10n_br_cnab_structure.cnab_itau_240_header","","","company_partner_bank_id.acc_number","","bank_acc_number",""
"l10n_br_cnab_structure.cnab_itau_240_header_71_71","BRANCOS","COMPLEMENTO DE REGISTRO","71","71","0","alpha","","l10n_br_cnab_structure.cnab_itau_240_header","","","","","",""
"l10n_br_cnab_structure.cnab_itau_240_header_72_72","DAC","DAC DA AGÊNCIA/CONTA DEBITADA","72","72","0","num","","l10n_br_cnab_structure.cnab_itau_240_header","","","company_partner_bank_id.acc_number_dig","","",""
"l10n_br_cnab_structure.cnab_itau_240_header_73_102","NOME DA EMPRESA","NOME DA EMPRESA","73","102","0","alpha","","l10n_br_cnab_structure.cnab_itau_240_header","","","company_id.legal_name","","",""
"l10n_br_cnab_structure.cnab_itau_240_header_103_132","NOME DO BANCO","NOME DO BANCO","103","132","0","alpha","","l10n_br_cnab_structure.cnab_itau_240_header","","","company_partner_bank_id.bank_id.name","","",""
"l10n_br_cnab_structure.cnab_itau_240_header_133_142","BRANCOS","COMPLEMENTO DE REGISTRO","133","142","0","alpha","","l10n_br_cnab_structure.cnab_itau_240_header","","","","","",""
"l10n_br_cnab_structure.cnab_itau_240_header_143_143","ARQUIVO-CÓDIGO","CÓDIGO REMESSA/RETORNO","143","143","0","num","1","l10n_br_cnab_structure.cnab_itau_240_header","1=REMESSA 2=RETORNO","","","","",""
"l10n_br_cnab_structure.cnab_itau_240_header_144_151","DATA DE GERAÇÃO","DATA DE GERAÇÃO DO ARQUIVO","144","151","0","num","","l10n_br_cnab_structure.cnab_itau_240_header","DDMMAAAA","time.strftime(""%d%m%Y"")","","datetime.strptime(content,""%d%m%Y"")","cnab_date_file",""
"l10n_br_cnab_structure.cnab_itau_240_header_152_157","HORA DA GERAÇÃO","HORA DE GERAÇÃO DO ARQUIVO","152","157","0","num","","l10n_br_cnab_structure.cnab_itau_240_header","HHMMSS","time.strftime(""%H%M%S"")","","","",""
"l10n_br_cnab_structure.cnab_itau_240_header_158_166","ZEROS","COMPLEMENTO DE REGISTRO","158","166","0","num","","l10n_br_cnab_structure.cnab_itau_240_header","","","","","",""
"l10n_br_cnab_structure.cnab_itau_240_header_167_171","UNIDADE DE DENSIDADE","DENSIDADE DE GRAVAÇÃO DO ARQUIVO","167","171","0","num","","l10n_br_cnab_structure.cnab_itau_240_header","","","","","",""
"l10n_br_cnab_structure.cnab_itau_240_header_172_240","BRANCOS","COMPLEMENTO DE REGISTRO","172","240","0","alpha","","l10n_br_cnab_structure.cnab_itau_240_header","","","","","",""
"l10n_br_cnab_structure.cnab_itau_240_pagamentos_header_1_3","CÓDIGO DO BANCO","CÓDIGO BANCO NA COMPENSAÇÃO","1","3","0","num","341","l10n_br_cnab_structure.cnab_itau_240_pagamentos_header","","","company_partner_bank_id.bank_id.code_bc","","",""
"l10n_br_cnab_structure.cnab_itau_240_pagamentos_header_4_7","CÓDIGO DO LOTE","LOTE IDENTIFICAÇÃO DE PAGTOS","4","7","0","num","","l10n_br_cnab_structure.cnab_itau_240_pagamentos_header","","seq_batch","","","seq_number",""
"l10n_br_cnab_structure.cnab_itau_240_pagamentos_header_8_8","TIPO DE REGISTRO","REGISTRO HEADER DE LOTE","8","8","0","num","1","l10n_br_cnab_structure.cnab_itau_240_pagamentos_header","","","","","",""
"l10n_br_cnab_structure.cnab_itau_240_pagamentos_header_9_9","TIPO DE OPERAÇÃO","TIPO DA OPERAÇÃO","9","9","0","alpha","C","l10n_br_cnab_structure.cnab_itau_240_pagamentos_header","C=CRÉDITO","","","","",""
"l10n_br_cnab_structure.cnab_itau_240_pagamentos_header_10_11","TIPO DE PAGAMENTO","TIPO DE PAGTO","10","11","0","num","","l10n_br_cnab_structure.cnab_itau_240_pagamentos_header","","patment_type_code","","","",""
"l10n_br_cnab_structure.cnab_itau_240_pagamentos_header_12_13","FORMA DE PAGAMENTO","FORMA DE PAGAMENTO","12","13","0","num","","l10n_br_cnab_structure.cnab_itau_240_pagamentos_header","","payment_way_code","","","",""
"l10n_br_cnab_structure.cnab_itau_240_pagamentos_header_14_16","LAYOUT DO LOTE","N. DA VERSÃO DO LAYOUT DO LOTE","14","16","0","num","40","l10n_br_cnab_structure.cnab_itau_240_pagamentos_header","","","","","",""
"l10n_br_cnab_structure.cnab_itau_240_pagamentos_header_17_17","BRANCOS","COMPLEMENTO DE REGISTRO","17","17","0","alpha","","l10n_br_cnab_structure.cnab_itau_240_pagamentos_header","","","","","",""
"l10n_br_cnab_structure.cnab_itau_240_pagamentos_header_18_18","EMPRESA – INSCRIÇÃO","TIPO INSCRIÇÃO EMPRESA DEBITADA","18","18","0","num","2","l10n_br_cnab_structure.cnab_itau_240_pagamentos_header","1 = CPF 2 = CNPJ","","","","",""
"l10n_br_cnab_structure.cnab_itau_240_pagamentos_header_19_32","INSCRIÇÃO NÚMERO","CNPJ EMPRESA DEBITADA","19","32","0","num","","l10n_br_cnab_structure.cnab_itau_240_pagamentos_header","","","company_id.cnpj_cpf","","",""
"l10n_br_cnab_structure.cnab_itau_240_pagamentos_header_33_36","IDENTIFICAÇÃO DO LANÇAMENTO","IDENTIFICAÇÃO DO LANÇAMENTO NO EXTRATO DO FAVORECIDO","33","36","0","alpha","","l10n_br_cnab_structure.cnab_itau_240_pagamentos_header","","","","","",""
"l10n_br_cnab_structure.cnab_itau_240_pagamentos_header_37_52","BRANCOS","COMPLEMENTO DE REGISTRO","37","52","0","alpha","","l10n_br_cnab_structure.cnab_itau_240_pagamentos_header","","","","","",""
"l10n_br_cnab_structure.cnab_itau_240_pagamentos_header_53_57","AGÊNCIA","NÚMERO AGÊNCIA DEBITADA","53","57","0","num","","l10n_br_cnab_structure.cnab_itau_240_pagamentos_header","","","company_partner_bank_id.bra_number","","",""
"l10n_br_cnab_structure.cnab_itau_240_pagamentos_header_58_58","BRANCOS","COMPLEMENTO DE REGISTRO","58","58","0","alpha","","l10n_br_cnab_structure.cnab_itau_240_pagamentos_header","","","","","",""
"l10n_br_cnab_structure.cnab_itau_240_pagamentos_header_59_70","CONTA","NÚMERO DE C/C DEBITADA","59","70","0","num","","l10n_br_cnab_structure.cnab_itau_240_pagamentos_header","","","company_partner_bank_id.acc_number","","",""
"l10n_br_cnab_structure.cnab_itau_240_pagamentos_header_71_71","BRANCOS","COMPLEMENTO DE REGISTRO","71","71","0","alpha","","l10n_br_cnab_structure.cnab_itau_240_pagamentos_header","","","","","",""
"l10n_br_cnab_structure.cnab_itau_240_pagamentos_header_72_72","DAC","DAC DA AGÊNCIA/CONTA DEBITAD","72","72","0","num","","l10n_br_cnab_structure.cnab_itau_240_pagamentos_header","","","company_partner_bank_id.acc_number_dig","","",""
"l10n_br_cnab_structure.cnab_itau_240_pagamentos_header_73_102","NOME DA EMPRESA","NOME DA EMPRESA DEBITADA","73","102","0","alpha","","l10n_br_cnab_structure.cnab_itau_240_pagamentos_header","","","company_id.legal_name","","",""
"l10n_br_cnab_structure.cnab_itau_240_pagamentos_header_103_132","FINALIDADE DO LOTE","FINALIDADE DOS PAGTOS DO LOTE","103","132","0","alpha","","l10n_br_cnab_structure.cnab_itau_240_pagamentos_header","","","","","",""
"l10n_br_cnab_structure.cnab_itau_240_pagamentos_header_133_142","HISTÓRICO DE C/C","COMPLEMENTO HISTÓRICO C/C DEBITADA","133","142","0","alpha","","l10n_br_cnab_structure.cnab_itau_240_pagamentos_header","","","","","",""
"l10n_br_cnab_structure.cnab_itau_240_pagamentos_header_143_172","ENDEREÇO DA EMPRESA","NOME DA RUA, AV, PÇA, ETC...","143","172","0","alpha","","l10n_br_cnab_structure.cnab_itau_240_pagamentos_header","","","company_id.street_name","","",""
"l10n_br_cnab_structure.cnab_itau_240_pagamentos_header_173_177","NÚMERO","NÚMERO DO LOCAL","173","177","0","num","","l10n_br_cnab_structure.cnab_itau_240_pagamentos_header","","","company_id.street_number","","",""
"l10n_br_cnab_structure.cnab_itau_240_pagamentos_header_178_192","COMPLEMENTO.","CASA, APTO, SALA, ETC...","178","192","0","alpha","","l10n_br_cnab_structure.cnab_itau_240_pagamentos_header","","","company_id.street2","","",""
"l10n_br_cnab_structure.cnab_itau_240_pagamentos_header_193_212","CIDADE","NOME DA CIDADE","193","212","0","alpha","","l10n_br_cnab_structure.cnab_itau_240_pagamentos_header","","","company_id.city_id.name","","",""
"l10n_br_cnab_structure.cnab_itau_240_pagamentos_header_213_220","CEP","CEP","213","220","0","num","","l10n_br_cnab_structure.cnab_itau_240_pagamentos_header","","","company_id.zip","","",""
"l10n_br_cnab_structure.cnab_itau_240_pagamentos_header_221_222","ESTADO","SIGLA DO ESTADO","221","222","0","alpha","","l10n_br_cnab_structure.cnab_itau_240_pagamentos_header","","","company_id.state_id.code","","",""
"l10n_br_cnab_structure.cnab_itau_240_pagamentos_header_223_230","BRANCOS","COMPLEMENTO DE REGISTRO","223","230","0","alpha","","l10n_br_cnab_structure.cnab_itau_240_pagamentos_header","","","","","",""
"l10n_br_cnab_structure.cnab_itau_240_pagamentos_header_231_240","OCORRÊNCIAS","CÓDIGO OCORRÊNCIAS P/RETORNO","231","240","0","alpha","","l10n_br_cnab_structure.cnab_itau_240_pagamentos_header","","","","","",""
"l10n_br_cnab_structure.cnab_itau_240_pagamentos_segmento_a_1_3","CÓDIGO DO BANCO","CÓDIGO BANCO NA COMPENSAÇÃO","1","3","0","num","341","l10n_br_cnab_structure.cnab_itau_240_pagamentos_segmento_a","","","","","bank_code",""
"l10n_br_cnab_structure.cnab_itau_240_pagamentos_segmento_a_4_7","CÓDIGO DO LOTE","LOTE DE SERVIÇO","4","7","0","num","","l10n_br_cnab_structure.cnab_itau_240_pagamentos_segmento_a","","seq_batch","","","batch_code",""
"l10n_br_cnab_structure.cnab_itau_240_pagamentos_segmento_a_8_8","TIPO DE REGISTRO","REGISTRO DETALHE DE LOTE","8","8","0","num","3","l10n_br_cnab_structure.cnab_itau_240_pagamentos_segmento_a","","","","","record_type",""
"l10n_br_cnab_structure.cnab_itau_240_pagamentos_segmento_a_9_13","NÚMERO DO REGISTRO","Nº SEQUENCIAL REGISTRO NO LOTE","9","13","0","num","","l10n_br_cnab_structure.cnab_itau_240_pagamentos_segmento_a","","seq_record_detail","","","seq_number",""
"l10n_br_cnab_structure.cnab_itau_240_pagamentos_segmento_a_14_14","SEGMENTO","CÓDIGO SEGMENTO REG. DETALHE","14","14","0","alpha","","l10n_br_cnab_structure.cnab_itau_240_pagamentos_segmento_a","","segment_code","","","segment",""
"l10n_br_cnab_structure.cnab_itau_240_pagamentos_segmento_a_15_17","TIPO DE MOVIMENTO","TIPO DE MOVIMENTO","15","17","0","num","","l10n_br_cnab_structure.cnab_itau_240_pagamentos_segmento_a","","","","","move_type_code",""
"l10n_br_cnab_structure.cnab_itau_240_pagamentos_segmento_a_18_20","CÂMARA","CÓDIGO DA CÂMARA CENTRALIZADORA","18","20","0","num","","l10n_br_cnab_structure.cnab_itau_240_pagamentos_segmento_a","","","cnab_payment_way_id.clearinghouse_code","","centralizing_chamber_code",""
"l10n_br_cnab_structure.cnab_itau_240_pagamentos_segmento_a_21_23","BANCO FAVORECIDO","CÓDIGO BANCO FAVORECIDO","21","23","0","num","","l10n_br_cnab_structure.cnab_itau_240_pagamentos_segmento_a","","","partner_bank_id.bank_id.code_bc","","partner_bank_code",""
"l10n_br_cnab_structure.cnab_itau_240_pagamentos_segmento_a_24_24b","ZEROS","COMPLEMENTO DE REGISTRO","24","24","0","num","","l10n_br_cnab_structure.cnab_itau_240_pagamentos_segmento_a","","","","","","l10n_br_cnab_structure.cnab_line_field_group_1"
"l10n_br_cnab_structure.cnab_itau_240_pagamentos_segmento_a_24_43c","CONTA","NÚMERO DA CONTA PAGAMENTO","24","43","0","num","","l10n_br_cnab_structure.cnab_itau_240_pagamentos_segmento_a","NÃO INFORMAR NENHUM VALOR, A CONTA CORRENTE DEVE SER PREENCHIDA COM ZEROS QUANDO FOR CHAVE PIX","","","","","l10n_br_cnab_structure.cnab_line_field_group_4"
"l10n_br_cnab_structure.cnab_itau_240_pagamentos_segmento_a_24_43","AGÊNCIA","NÚMERO AGÊNCIA CREDITADA","24","28","0","num","","l10n_br_cnab_structure.cnab_itau_240_pagamentos_segmento_a","","","partner_bank_id.bra_number","","partner_bank_branch","l10n_br_cnab_structure.cnab_line_field_group_2"
"l10n_br_cnab_structure.cnab_itau_240_pagamentos_segmento_a_25_28b","AGÊNCIA","NÚMERO AGÊNCIA CREDITADA","25","28","0","num","","l10n_br_cnab_structure.cnab_itau_240_pagamentos_segmento_a","","","","","","l10n_br_cnab_structure.cnab_line_field_group_1"
"l10n_br_cnab_structure.cnab_itau_240_pagamentos_segmento_a_29_29","BRANCOS","COMPLEMENTO DE REGISTRO","29","29","0","alpha","","l10n_br_cnab_structure.cnab_itau_240_pagamentos_segmento_a","","","","","","l10n_br_cnab_structure.cnab_line_field_group_2"
"l10n_br_cnab_structure.cnab_itau_240_pagamentos_segmento_a_29_29b","BRANCOS","COMPLEMENTO DE REGISTRO","29","29","0","alpha","","l10n_br_cnab_structure.cnab_itau_240_pagamentos_segmento_a","","","","","","l10n_br_cnab_structure.cnab_line_field_group_1"
"l10n_br_cnab_structure.cnab_itau_240_pagamentos_segmento_a_30_41","CONTA","NÚMERO DE C/C CREDITADA","30","41","0","num","","l10n_br_cnab_structure.cnab_itau_240_pagamentos_segmento_a","","","partner_bank_id.acc_number","","partner_bank_account","l10n_br_cnab_structure.cnab_line_field_group_2"
"l10n_br_cnab_structure.cnab_itau_240_pagamentos_segmento_a_30_35b","ZEROS","COMPLEMENTO DE REGISTRO","30","35","0","num","","l10n_br_cnab_structure.cnab_itau_240_pagamentos_segmento_a","","","","","","l10n_br_cnab_structure.cnab_line_field_group_1"
"l10n_br_cnab_structure.cnab_itau_240_pagamentos_segmento_a_36_41b","CONTA","NÚMERO DE C/C CREDITADA","36","41","0","num","","l10n_br_cnab_structure.cnab_itau_240_pagamentos_segmento_a","","","","","","l10n_br_cnab_structure.cnab_line_field_group_1"
"l10n_br_cnab_structure.cnab_itau_240_pagamentos_segmento_a_42_42b","BRANCOS","COMPLEMENTO DE REGISTRO","42","42","0","alpha","","l10n_br_cnab_structure.cnab_itau_240_pagamentos_segmento_a","","","","","","l10n_br_cnab_structure.cnab_line_field_group_1"
"l10n_br_cnab_structure.cnab_itau_240_pagamentos_segmento_a_42_42","BRANCOS","COMPLEMENTO DE REGISTRO","42","42","0","alpha","","l10n_br_cnab_structure.cnab_itau_240_pagamentos_segmento_a","","","","","","l10n_br_cnab_structure.cnab_line_field_group_2"
"l10n_br_cnab_structure.cnab_itau_240_pagamentos_segmento_a_43_43","DAC","DAC DA AGÊNCIA/CONTA CREDITADA","43","43","0","alpha","","l10n_br_cnab_structure.cnab_itau_240_pagamentos_segmento_a","","","partner_bank_id.acc_number_dig","","partner_bank_account_dac","l10n_br_cnab_structure.cnab_line_field_group_2"
"l10n_br_cnab_structure.cnab_itau_240_pagamentos_segmento_a_43_43b","DAC","DAC DA AGÊNCIA/CONTA CREDITADA","43","43","0","num","","l10n_br_cnab_structure.cnab_itau_240_pagamentos_segmento_a","","","","","","l10n_br_cnab_structure.cnab_line_field_group_1"
"l10n_br_cnab_structure.cnab_itau_240_pagamentos_segmento_a_44_73","NOME DO FAVORECIDO","NOME DO FAVORECIDO","44","73","0","alpha","","l10n_br_cnab_structure.cnab_itau_240_pagamentos_segmento_a","","","cnab_beneficiary_name","","partner_name",""
"l10n_br_cnab_structure.cnab_itau_240_pagamentos_segmento_a_74_93","SEU NÚMERO","Nº DOCTO ATRIBUÍDO PELA EMPRESA","74","93","0","alpha","","l10n_br_cnab_structure.cnab_itau_240_pagamentos_segmento_a","","","name","","your_number",""
"l10n_br_cnab_structure.cnab_itau_240_pagamentos_segmento_a_94_101","DATA DE PAGTO","DATA PREVISTA PARA PAGTO","94","101","0","num","","l10n_br_cnab_structure.cnab_itau_240_pagamentos_segmento_a","DDMMAAAA","content.strftime(""%d%m%Y"") if content else time.strftime(""%d%m%Y"")","date","datetime.strptime(content,""%d%m%Y"") if content != ""00000000"" else False","expected_payment_date",""
"l10n_br_cnab_structure.cnab_itau_240_pagamentos_segmento_a_102_104","MOEDA – TIPO","TIPO DA MOEDA","102","104","0","alpha","REA","l10n_br_cnab_structure.cnab_itau_240_pagamentos_segmento_a","","","","","currency_type",""
"l10n_br_cnab_structure.cnab_itau_240_pagamentos_segmento_a_105_112","CÓDIGO ISPB","IDENTIFICAÇÃO DA INSTITUIÇÃO PARA O SPB","105","112","0","num","","l10n_br_cnab_structure.cnab_itau_240_pagamentos_segmento_a","","","","","",""
"l10n_br_cnab_structure.cnab_itau_240_pagamentos_segmento_a_113_114","IDENTI. TRANSFERENCIA","CONTA PAGAMENTO / PIX","113","114","0","alpha","","l10n_br_cnab_structure.cnab_itau_240_pagamentos_segmento_a","","","cnab_pix_transfer_type_id.code","","",""
"l10n_br_cnab_structure.cnab_itau_240_pagamentos_segmento_a_115_119","ZEROS","COMPLEMENTO DE REGISTRO","115","119","0","num","","l10n_br_cnab_structure.cnab_itau_240_pagamentos_segmento_a","","","","","",""
"l10n_br_cnab_structure.cnab_itau_240_pagamentos_segmento_a_120_134","VALOR DO PAGTO","VALOR PREVISTO DO PAGTO","120","134","2","num","","l10n_br_cnab_structure.cnab_itau_240_pagamentos_segmento_a","","","amount_currency","","title_value",""
"l10n_br_cnab_structure.cnab_itau_240_pagamentos_segmento_a_135_149","NOSSO NÚMERO","Nº DOCTO ATRIBUÍDO PELO BANCO","135","149","0","alpha","","l10n_br_cnab_structure.cnab_itau_240_pagamentos_segmento_a","","","","","own_number",""
"l10n_br_cnab_structure.cnab_itau_240_pagamentos_segmento_a_150_154","BRANCOS","COMPLEMENTO DE REGISTRO","150","154","0","alpha","","l10n_br_cnab_structure.cnab_itau_240_pagamentos_segmento_a","","","","","",""
"l10n_br_cnab_structure.cnab_itau_240_pagamentos_segmento_a_155_162","DATA EFETIVA","DATA REAL EFETIVAÇÃO DO PAGTO","155","162","0","num","","l10n_br_cnab_structure.cnab_itau_240_pagamentos_segmento_a","","","","datetime.strptime(content,""%d%m%Y"") if content != ""00000000"" else False","real_payment_date",""
"l10n_br_cnab_structure.cnab_itau_240_pagamentos_segmento_a_163_177","VALOR EFETIVO","VALOR REAL EFETIVAÇÃO DO PAGTO","163","177","2","num","","l10n_br_cnab_structure.cnab_itau_240_pagamentos_segmento_a","","","","","payment_value",""
"l10n_br_cnab_structure.cnab_itau_240_pagamentos_segmento_a_178_197","FINALIDADE DETALHE","INFORMAÇÃO COMPLEMENTAR P/ HIST. DE C/C","178","197","0","alpha","","l10n_br_cnab_structure.cnab_itau_240_pagamentos_segmento_a","","","communication","","additional_info",""
"l10n_br_cnab_structure.cnab_itau_240_pagamentos_segmento_a_198_203","N. DO DOCUMENTO","Nº DO DOC/TED/ OP/ CHEQUE NO RETORNO","198","203","0","num","","l10n_br_cnab_structure.cnab_itau_240_pagamentos_segmento_a","","","","","company_title_identification",""
"l10n_br_cnab_structure.cnab_itau_240_pagamentos_segmento_a_204_217","N. DE INSCRIÇÃO","N. DE INSCRIÇÃO DO FAVORECIDO (CPF/CNPJ)","204","217","0","num","","l10n_br_cnab_structure.cnab_itau_240_pagamentos_segmento_a","","","partner_id.cnpj_cpf","","partner_document",""
"l10n_br_cnab_structure.cnab_itau_240_pagamentos_segmento_a_218_219","FINALIDADE DOC E STATUS FUNCIONÁRIO","FINALIDADE DO DOC E STATUS DO FUNCIONÁRIO NA EMPRESA","218","219","0","alpha","","l10n_br_cnab_structure.cnab_itau_240_pagamentos_segmento_a","","","","","doc_purpose",""
"l10n_br_cnab_structure.cnab_itau_240_pagamentos_segmento_a_220_224","FINALIDADE TED","FINALIDADE DA TED","220","224","0","alpha","","l10n_br_cnab_structure.cnab_itau_240_pagamentos_segmento_a","","","ted_finality_code","","ted_purpose",""
"l10n_br_cnab_structure.cnab_itau_240_pagamentos_segmento_a_225_229","BRANCOS","COMPLEMENTO DE REGISTRO","225","229","0","alpha","","l10n_br_cnab_structure.cnab_itau_240_pagamentos_segmento_a","","","","","",""
"l10n_br_cnab_structure.cnab_itau_240_pagamentos_segmento_a_230_230","AVISO","AVISO AO FAVORECIDO","230","230","0","alpha","","l10n_br_cnab_structure.cnab_itau_240_pagamentos_segmento_a","","","","","partner_notification",""
"l10n_br_cnab_structure.cnab_itau_240_pagamentos_segmento_a_231_242","OCORRÊNCIA 01","CÓDIGO OCORRÊNCIAS NO RETORNO","231","232","0","alpha","","l10n_br_cnab_structure.cnab_itau_240_pagamentos_segmento_a","","","","","occurrence_code_1",""
"l10n_br_cnab_structure.cnab_itau_240_pagamentos_segmento_a_233_234","OCORRÊNCIA 02","CÓDIGO OCORRÊNCIAS NO RETORNO","233","234","0","alpha","","l10n_br_cnab_structure.cnab_itau_240_pagamentos_segmento_a","","","","","occurrence_code_2",""
"l10n_br_cnab_structure.cnab_itau_240_pagamentos_segmento_a_235_246","OCORRÊNCIA 03","CÓDIGO OCORRÊNCIAS NO RETORNO","235","236","0","alpha","","l10n_br_cnab_structure.cnab_itau_240_pagamentos_segmento_a","","","","","occurrence_code_3",""
"l10n_br_cnab_structure.cnab_itau_240_pagamentos_segmento_a_237_248","OCORRÊNCIA 04","CÓDIGO OCORRÊNCIAS NO RETORNO","237","238","0","alpha","","l10n_br_cnab_structure.cnab_itau_240_pagamentos_segmento_a","","","","","occurrence_code_4",""
"l10n_br_cnab_structure.cnab_itau_240_pagamentos_segmento_a_239_240","OCORRÊNCIA 05","CÓDIGO OCORRÊNCIAS NO RETORNO","239","240","0","alpha","","l10n_br_cnab_structure.cnab_itau_240_pagamentos_segmento_a","","","","","occurrence_code_5",""
"l10n_br_cnab_structure.cnab_itau_240_pagamentos_segmento_b_1_3","CÓDIGO DO BANCO","CÓDIGO BANCO NA COMPENSAÇÃO","1","3","0","num","341","l10n_br_cnab_structure.cnab_itau_240_pagamentos_segmento_b","","","","","",""
"l10n_br_cnab_structure.cnab_itau_240_pagamentos_segmento_b_4_7","CÓDIGO DO LOTE","LOTE DE SERVIÇO","4","7","0","num","","l10n_br_cnab_structure.cnab_itau_240_pagamentos_segmento_b","","seq_batch","","","",""
"l10n_br_cnab_structure.cnab_itau_240_pagamentos_segmento_b_8_8","TIPO DE REGISTRO","REGISTRO DETALHE DO LOTE","8","8","0","num","3","l10n_br_cnab_structure.cnab_itau_240_pagamentos_segmento_b","","","","","",""
"l10n_br_cnab_structure.cnab_itau_240_pagamentos_segmento_b_9_13","NÚMERO DO REGISTRO","Nº SEQUENCIAL REGISTRO NO LOTE","9","13","0","num","","l10n_br_cnab_structure.cnab_itau_240_pagamentos_segmento_b","","seq_record_detail","","","",""
"l10n_br_cnab_structure.cnab_itau_240_pagamentos_segmento_b_14_14","CÓDIGO DO SEGMENTO","CÓDIGO SEGMENTO REG. DETALHE","14","14","0","alpha","","l10n_br_cnab_structure.cnab_itau_240_pagamentos_segmento_b","","segment_code","","","",""
"l10n_br_cnab_structure.cnab_itau_240_pagamentos_segmento_b_15_16","TIPO CHAVE","TIPO IDENTIFICAÇÃO DE CHAVE PIX","15","16","0","alpha","","l10n_br_cnab_structure.cnab_itau_240_pagamentos_segmento_b","","","cnab_pix_type_id.code","","",""
"l10n_br_cnab_structure.cnab_itau_240_pagamentos_segmento_b_17_17","BRANCOS","COMPLEMENTO DE REGISTRO","17","17","0","alpha","","l10n_br_cnab_structure.cnab_itau_240_pagamentos_segmento_b","","","","","",""
"l10n_br_cnab_structure.cnab_itau_240_pagamentos_segmento_b_18_18","EMPRESA – INSCRIÇÃO","TIPO INSCRIÇÃO DO FAVORECIDO","18","18","0","num","","l10n_br_cnab_structure.cnab_itau_240_pagamentos_segmento_b","1 = CPF 2 = CNPJ","""2"" if content else ""1""","partner_id.is_company","","",""
"l10n_br_cnab_structure.cnab_itau_240_pagamentos_segmento_b_19_32","Nº DE INSCRIÇÃO","Nº DE INSCRIÇÃO DO FAVORECIDO (CPF/CNPJ)","19","32","0","num","","l10n_br_cnab_structure.cnab_itau_240_pagamentos_segmento_b","","","partner_id.cnpj_cpf","","",""
"l10n_br_cnab_structure.cnab_itau_240_pagamentos_segmento_b_33_62","BRANCOS","COMPLEMENTO DE REGISTRO","33","62","0","alpha","","l10n_br_cnab_structure.cnab_itau_240_pagamentos_segmento_b","","","","","",""
"l10n_br_cnab_structure.cnab_itau_240_pagamentos_segmento_b_63_127","INFORMAÇÕS ENTRE USUÁRIOS","INFORMAÇÃO ENTRE USUÁRIOS","63","127","0","alpha","","l10n_br_cnab_structure.cnab_itau_240_pagamentos_segmento_b","","","communication","","",""
"l10n_br_cnab_structure.cnab_itau_240_pagamentos_segmento_b_128_227","CHAVE PIX","CHAVE DE ENDEREÇAMENTO","128","227","0","alpha","","l10n_br_cnab_structure.cnab_itau_240_pagamentos_segmento_b","","","partner_pix_id.key","","",""
"l10n_br_cnab_structure.cnab_itau_240_pagamentos_segmento_b_228_230","BRANCOS","COMPLEMENTO DE REGISTRO","228","230","0","alpha","","l10n_br_cnab_structure.cnab_itau_240_pagamentos_segmento_b","","","","","",""
"l10n_br_cnab_structure.cnab_itau_240_pagamentos_segmento_b_231_240","OCORRÊNCIAS","CÓDIGO DE OCORRÊNCIAS NO RETORNO","231","240","0","alpha","","l10n_br_cnab_structure.cnab_itau_240_pagamentos_segmento_b","","","","","",""
"l10n_br_cnab_structure.cnab_itau_240_pagamentos_trailer_1_3","CÓDIGO DO BANCO","CÓDIGO BANCO NA COMPENSAÇÃO","1","3","0","num","341","l10n_br_cnab_structure.cnab_itau_240_pagamentos_trailer","","","company_partner_bank_id.bank_id.code_bc","","",""
"l10n_br_cnab_structure.cnab_itau_240_pagamentos_trailer_4_7","CÓDIGO DO LOTE","LOTE DE SERVIÇO","4","7","0","num","","l10n_br_cnab_structure.cnab_itau_240_pagamentos_trailer","","seq_batch","","","",""
"l10n_br_cnab_structure.cnab_itau_240_pagamentos_trailer_8_8","TIPO DE REGISTRO","REGISTRO TRAILER DE LOTE","8","8","0","num","5","l10n_br_cnab_structure.cnab_itau_240_pagamentos_trailer","","","","","",""
"l10n_br_cnab_structure.cnab_itau_240_pagamentos_trailer_9_17","BRANCOS","COMPLEMENTO DE REGISTRO","9","17","0","alpha","","l10n_br_cnab_structure.cnab_itau_240_pagamentos_trailer","","","","","",""
"l10n_br_cnab_structure.cnab_itau_240_pagamentos_trailer_18_23","TOTAL QTDE REGISTROS","QTDE REGISTROS DO LOTE","18","23","0","num","","l10n_br_cnab_structure.cnab_itau_240_pagamentos_trailer","","qty_records","","","",""
"l10n_br_cnab_structure.cnab_itau_240_pagamentos_trailer_24_41","TOTAL VALOR PAGTOS","SOMA VALOR DOS PGTOS DO LOTE","24","41","0","num","","l10n_br_cnab_structure.cnab_itau_240_pagamentos_trailer","","sum(  int(line.sorted_values()[""120_134_valor_do_pagto""]) for line in filter(    lambda l: l.sorted_values().get(""15_17_tipo_de_movimento"", """") in (""000"",""001"",""002"",""003""), batch_detail_lines  ))","","","",""
"l10n_br_cnab_structure.cnab_itau_240_pagamentos_trailer_42_59","ZEROS","COMPLEMENTO DE REGISTRO","42","59","0","num","","l10n_br_cnab_structure.cnab_itau_240_pagamentos_trailer","","","","","",""
"l10n_br_cnab_structure.cnab_itau_240_pagamentos_trailer_60_230","BRANCOS","COMPLEMENTO DE REGISTRO","60","230","0","alpha","","l10n_br_cnab_structure.cnab_itau_240_pagamentos_trailer","","","","","",""
"l10n_br_cnab_structure.cnab_itau_240_pagamentos_trailer_231_240","OCORRÊNCIAS","CÓDIGOS OCORRÊNCIAS P/ RETORNO","231","240","0","alpha","","l10n_br_cnab_structure.cnab_itau_240_pagamentos_trailer","","","","","",""
"l10n_br_cnab_structure.cnab_itau_240_boleto_header_1_3","CÓDIGO DO BANCO","CÓDIGO DO BANCO NA COMPENSAÇÃO","1","3","0","num","341","l10n_br_cnab_structure.cnab_itau_240_boleto_header","","","company_partner_bank_id.bank_id.code_bc","","",""
"l10n_br_cnab_structure.cnab_itau_240_boleto_header_4_7","CÓDIGO DO LOTE","LOTE DE IDENTIFICAÇÃO DE PAGAMENTOS","4","7","0","num","","l10n_br_cnab_structure.cnab_itau_240_boleto_header","NOTA 3","seq_batch","","","",""
"l10n_br_cnab_structure.cnab_itau_240_boleto_header_8_8","TIPO DE REGISTRO","REGISTRO HEADER DE LOTE","8","8","0","num","1","l10n_br_cnab_structure.cnab_itau_240_boleto_header","","","","","",""
"l10n_br_cnab_structure.cnab_itau_240_boleto_header_9_9","TIPO DE OPERAÇÃO","TIPO DA OPERAÇÃO","9","9","0","alpha","C","l10n_br_cnab_structure.cnab_itau_240_boleto_header","","","","","",""
"l10n_br_cnab_structure.cnab_itau_240_boleto_header_10_11","TIPO DE PAGAMENTO","TIPO DE PAGTO","10","11","0","num","","l10n_br_cnab_structure.cnab_itau_240_boleto_header","NOTA 4","patment_type_code","","","",""
"l10n_br_cnab_structure.cnab_itau_240_boleto_header_12_13","FORMA DE PAGAMENTO","FORMA DE PAGAMENTO","12","13","0","num","","l10n_br_cnab_structure.cnab_itau_240_boleto_header","NOTA 5","payment_way_code","","","",""
"l10n_br_cnab_structure.cnab_itau_240_boleto_header_14_16","LAYOUT DO LOTE","N DA VERSÃO DO LAYOUT DO LOTE","14","16","0","num","030","l10n_br_cnab_structure.cnab_itau_240_boleto_header","030","","","","",""
"l10n_br_cnab_structure.cnab_itau_240_boleto_header_17_17","BRANCOS","COMPLEMENTO DE REGISTRO","17","17","0","alpha","","l10n_br_cnab_structure.cnab_itau_240_boleto_header","","","","","",""
"l10n_br_cnab_structure.cnab_itau_240_boleto_header_18_18","EMPRESA - INSCRIÇÃO","TIPO INSCRIÇÃO EMPRESA DEBITADA","18","18","0","num","2","l10n_br_cnab_structure.cnab_itau_240_boleto_header","1= CPF 2 = CNPJ","","","","",""
"l10n_br_cnab_structure.cnab_itau_240_boleto_header_19_32","INSCRIÇÃO NÚMERO","CNPJ EMPRESA OU CPF DEBITADO","19","32","0","num","","l10n_br_cnab_structure.cnab_itau_240_boleto_header","NOTA 1","","company_id.cnpj_cpf","","",""
"l10n_br_cnab_structure.cnab_itau_240_boleto_header_33_52","BRANCOS","COMPLEMENTO DE REGISTRO","33","52","0","alpha","","l10n_br_cnab_structure.cnab_itau_240_boleto_header","","","","","",""
"l10n_br_cnab_structure.cnab_itau_240_boleto_header_53_57","AGÊNCIA","NÚMERO AGÊNCIA DEBITADA","53","57","0","num","","l10n_br_cnab_structure.cnab_itau_240_boleto_header","NOTA 1","","company_partner_bank_id.bra_number","","",""
"l10n_br_cnab_structure.cnab_itau_240_boleto_header_58_58","BRANCOS","COMPLEMENTO DE REGISTRO","58","58","0","alpha","","l10n_br_cnab_structure.cnab_itau_240_boleto_header","","","","","",""
"l10n_br_cnab_structure.cnab_itau_240_boleto_header_59_70","CONTA","NÚMERO DE C/C DEBITADA","59","70","0","num","","l10n_br_cnab_structure.cnab_itau_240_boleto_header","NOTA 1","","company_partner_bank_id.acc_number","","",""
"l10n_br_cnab_structure.cnab_itau_240_boleto_header_71_71","BRANCOS","COMPLEMENTO DE REGISTRO","71","71","0","alpha","","l10n_br_cnab_structure.cnab_itau_240_boleto_header","","","","","",""
"l10n_br_cnab_structure.cnab_itau_240_boleto_header_72_72","DAC","DAC DA AGÊNCIA/CONTA DEBITADA","72","72","0","num","","l10n_br_cnab_structure.cnab_itau_240_boleto_header","NOTA 1","","company_partner_bank_id.acc_number_dig","","",""
"l10n_br_cnab_structure.cnab_itau_240_boleto_header_73_102","NOME DA EMPRESA","NOME DA EMPRESA DEBITADA","73","102","0","alpha","","l10n_br_cnab_structure.cnab_itau_240_boleto_header","","","company_id.legal_name","","",""
"l10n_br_cnab_structure.cnab_itau_240_boleto_header_103_132","FINALIDADE DO LOTE","FINALIDADE DOS PAGTOS DO LOTE","103","132","0","alpha","","l10n_br_cnab_structure.cnab_itau_240_boleto_header","NOTA 6","","","","",""
"l10n_br_cnab_structure.cnab_itau_240_boleto_header_133_142","HISTÓRICO DE C/C","COMPLEMENTO HISTÓRICO C/C DEBITADA","133","142","0","alpha","","l10n_br_cnab_structure.cnab_itau_240_boleto_header","NOTA 7","","","","",""
"l10n_br_cnab_structure.cnab_itau_240_boleto_header_143_172","ENDEREÇO DA EMPRESA","NOME DA RUA, AV, PÇA, ETC...","143","172","0","alpha","","l10n_br_cnab_structure.cnab_itau_240_boleto_header","","","company_id.street_name","","",""
"l10n_br_cnab_structure.cnab_itau_240_boleto_header_173_177","NÚMERO","NÚMERO DO LOCAL","173","177","0","num","","l10n_br_cnab_structure.cnab_itau_240_boleto_header","","","company_id.street_number","","",""
"l10n_br_cnab_structure.cnab_itau_240_boleto_header_178_192","COMPLEMENTO","CASA, APTO, SALA, ETC...","178","192","0","alpha","","l10n_br_cnab_structure.cnab_itau_240_boleto_header","","","company_id.street2","","",""
"l10n_br_cnab_structure.cnab_itau_240_boleto_header_193_212","CIDADE","NOME DA CIDADE","193","212","0","alpha","","l10n_br_cnab_structure.cnab_itau_240_boleto_header","","","company_id.city_id.name","","",""
"l10n_br_cnab_structure.cnab_itau_240_boleto_header_213_220","CEP","CEP","213","220","0","num","","l10n_br_cnab_structure.cnab_itau_240_boleto_header","","","company_id.zip","","",""
"l10n_br_cnab_structure.cnab_itau_240_boleto_header_221_222","ESTADO","SIGLA DO ESTADO","221","222","0","alpha","","l10n_br_cnab_structure.cnab_itau_240_boleto_header","","","company_id.state_id.code","","",""
"l10n_br_cnab_structure.cnab_itau_240_boleto_header_223_230","BRANCOS","COMPLEMENTO DE REGISTRO","223","230","0","alpha","","l10n_br_cnab_structure.cnab_itau_240_boleto_header","","","","","",""
"l10n_br_cnab_structure.cnab_itau_240_boleto_header_231_240","OCORRÊNCIAS","CÓDIGO OCORRÊNCIAS P/RETORNO","231","240","0","alpha","","l10n_br_cnab_structure.cnab_itau_240_boleto_header","","","","","",""
"l10n_br_cnab_structure.cnab_itau_240_boleto_segmento_j_1_3","CÓDIGO DO BANCO","CÓDIGO BANCO NA COMPENSAÇÃO","1","3","0","num","341","l10n_br_cnab_structure.cnab_itau_240_boleto_segmento_j","","","","","",""
"l10n_br_cnab_structure.cnab_itau_240_boleto_segmento_j_4_7","CÓDIGO DO LOTE","LOTE DE SERVIÇO","4","7","0","num","","l10n_br_cnab_structure.cnab_itau_240_boleto_segmento_j","NOTA 3","seq_batch","","","",""
"l10n_br_cnab_structure.cnab_itau_240_boleto_segmento_j_8_8","TIPO DE REGISTRO","REGISTRO DETALHE DE LOTE","8","8","0","num","3","l10n_br_cnab_structure.cnab_itau_240_boleto_segmento_j","","","","","",""
"l10n_br_cnab_structure.cnab_itau_240_boleto_segmento_j_9_13","NÚMERO DO REGISTRO","N SEQUENCIAL REGISTRO NO LOTE","9","13","0","num","","l10n_br_cnab_structure.cnab_itau_240_boleto_segmento_j","NOTA 9","seq_record_detail","","","",""
"l10n_br_cnab_structure.cnab_itau_240_boleto_segmento_j_14_14","SEGMENTO","CÓDIGO SEGMENTO REG. DETALHE","14","14","0","alpha","J","l10n_br_cnab_structure.cnab_itau_240_boleto_segmento_j","","segment_code","","","",""
"l10n_br_cnab_structure.cnab_itau_240_boleto_segmento_j_15_17","TIPO DE MOVIMENTO","TIPO DE MOVIMENTO","15","17","0","num","000","l10n_br_cnab_structure.cnab_itau_240_boleto_segmento_j","NOTA 10","","","","",""
"l10n_br_cnab_structure.cnab_itau_240_boleto_segmento_j_18_20","BANCO FAVORECIDO","CÓD. DE BARRAS – CÓDIGO BANCO FAVORECIDO","18","20","0","num","","l10n_br_cnab_structure.cnab_itau_240_boleto_segmento_j","NOTA 18 (1-3)","content[0:3]","barcode","","",""
"l10n_br_cnab_structure.cnab_itau_240_boleto_segmento_j_21_21","MOEDA","CÓD. DE BARRAS – CÓDIGO DA MOEDA","21","21","0","num","","l10n_br_cnab_structure.cnab_itau_240_boleto_segmento_j","NOTA 18 (4)","content[3:4]","barcode","","",""
"l10n_br_cnab_structure.cnab_itau_240_boleto_segmento_j_22_22","DV","CÓD. DE BARRAS – DÍGITO VERIF. DO CÓD. BARRAS","22","22","0","num","","l10n_br_cnab_structure.cnab_itau_240_boleto_segmento_j","NOTA 18 (5)","content[4:5]","barcode","","",""
"l10n_br_cnab_structure.cnab_itau_240_boleto_segmento_j_23_26","VENCIMENTO","CÓD. DE BARRAS – FATOR DE VENCIMENTO","23","26","0","num","","l10n_br_cnab_structure.cnab_itau_240_boleto_segmento_j","NOTA 18 (6-9)","content[5:9]","barcode","","",""
"l10n_br_cnab_structure.cnab_itau_240_boleto_segmento_j_27_36","VALOR","CÓD. DE BARRAS – VALOR","27","36","0","num","","l10n_br_cnab_structure.cnab_itau_240_boleto_segmento_j","NOTA 18 (10-20)","content[9:20]","barcode","","",""
"l10n_br_cnab_structure.cnab_itau_240_boleto_segmento_j_37_61","CAMPO LIVRE","CÓD. DE BARRAS - 'CAMPO LIVRE'","37","61","0","num","","l10n_br_cnab_structure.cnab_itau_240_boleto_segmento_j","NOTA 18 (21)","content[19:45]","barcode","","",""
"l10n_br_cnab_structure.cnab_itau_240_boleto_segmento_j_62_91","NOME DO FAVORECIDO","NOME DO FAVORECIDO","62","91","0","alpha","","l10n_br_cnab_structure.cnab_itau_240_boleto_segmento_j","","","partner_id.legal_name","","",""
"l10n_br_cnab_structure.cnab_itau_240_boleto_segmento_j_92_99","DATA VENCTO","DATA DO VENCIMENTO (NOMINAL)","92","99","0","num","","l10n_br_cnab_structure.cnab_itau_240_boleto_segmento_j","DDMMAAAA","time.strftime(""%d%m%Y"")","ml_maturity_date","","",""
"l10n_br_cnab_structure.cnab_itau_240_boleto_segmento_j_100_114","VALOR DO TÍTULO","VALOR DO TÍTULO (NOMINAL)","100","114","2","num","","l10n_br_cnab_structure.cnab_itau_240_boleto_segmento_j","9(13)V9(02)","","amount_currency","","",""
"l10n_br_cnab_structure.cnab_itau_240_boleto_segmento_j_115_129","DESCONTOS","VALOR DO DESCONTO + ABATIMENTO","115","129","0","num","","l10n_br_cnab_structure.cnab_itau_240_boleto_segmento_j","9(13)V9(02)","","discount_value","","",""
"l10n_br_cnab_structure.cnab_itau_240_boleto_segmento_j_130_144","ACRÉSCIMOS","VALOR DA MORA + MULTA","130","144","0","num","","l10n_br_cnab_structure.cnab_itau_240_boleto_segmento_j","9(13)V9(02)","","","","",""
"l10n_br_cnab_structure.cnab_itau_240_boleto_segmento_j_145_152","DATA PAGAMENTO","DATA DO PAGAMENTO","145","152","0","num","","l10n_br_cnab_structure.cnab_itau_240_boleto_segmento_j","DDMMAAAA","time.strftime(""%d%m%Y"")","date","","",""
"l10n_br_cnab_structure.cnab_itau_240_boleto_segmento_j_153_167","VALOR PAGAMENTO","VALOR DO PAGAMENTO","153","167","2","num","","l10n_br_cnab_structure.cnab_itau_240_boleto_segmento_j","9(13)V9(02)","","amount_currency","","",""
"l10n_br_cnab_structure.cnab_itau_240_boleto_segmento_j_168_182","ZEROS","COMPLEMENTO DE REGISTRO","168","182","0","alpha","","l10n_br_cnab_structure.cnab_itau_240_boleto_segmento_j","","","","","",""
"l10n_br_cnab_structure.cnab_itau_240_boleto_segmento_j_183_202","SEU NÚMERO","Nº DOCTO ATRIBUÍDO PELA EMPRESA","183","202","0","alpha","","l10n_br_cnab_structure.cnab_itau_240_boleto_segmento_j","","","","","",""
"l10n_br_cnab_structure.cnab_itau_240_boleto_segmento_j_203_215","BRANCOS","COMPLEMENTO DE REGISTRO","203","215","0","alpha","","l10n_br_cnab_structure.cnab_itau_240_boleto_segmento_j","","","","","",""
"l10n_br_cnab_structure.cnab_itau_240_boleto_segmento_j_216_230","NOSSO NÚMERO","NÚMERO ATRIBUÍDO PELO BANCO","216","230","0","alpha","","l10n_br_cnab_structure.cnab_itau_240_boleto_segmento_j","NOTA 12","","","","",""
"l10n_br_cnab_structure.cnab_itau_240_boleto_segmento_j_231_240","OCORRÊNCIAS","CÓDIGO DE OCORRÊNCIAS P/ RETORNO","231","240","0","alpha","","l10n_br_cnab_structure.cnab_itau_240_boleto_segmento_j","NOTA 8","","","","",""
"l10n_br_cnab_structure.cnab_itau_240_boleto_segmento_j52_1_3","CÓDIGO DO BANCO","CÓDIGO BANCO NA COMPENSAÇÃO","1","3","0","num","341","l10n_br_cnab_structure.cnab_itau_240_boleto_segmento_j52","341","","","","",""
"l10n_br_cnab_structure.cnab_itau_240_boleto_segmento_j52_4_7","CÓDIGO DO LOTE","LOTE DE SERVIÇO","4","7","0","num","","l10n_br_cnab_structure.cnab_itau_240_boleto_segmento_j52","NOTA 3","seq_batch","","","",""
"l10n_br_cnab_structure.cnab_itau_240_boleto_segmento_j52_8_8","TIPO DE REGISTRO","REGISTRO DETALHE DE LOTE","8","8","0","num","3","l10n_br_cnab_structure.cnab_itau_240_boleto_segmento_j52","3","","","","",""
"l10n_br_cnab_structure.cnab_itau_240_boleto_segmento_j52_9_13","NÚMERO DO REGISTRO","N SEQUENCIAL REGISTRO NO LOTE","9","13","0","num","","l10n_br_cnab_structure.cnab_itau_240_boleto_segmento_j52","NOTA 9","seq_record_detail","","","",""
"l10n_br_cnab_structure.cnab_itau_240_boleto_segmento_j52_14_14","SEGMENTO","CÓDIGO SEGMENTO REG. DETALHE","14","14","0","alpha","J","l10n_br_cnab_structure.cnab_itau_240_boleto_segmento_j52","J","","","","",""
"l10n_br_cnab_structure.cnab_itau_240_boleto_segmento_j52_15_17","TIPO DE MOVIMENTO","TIPO DE MOVIMENTO","15","17","0","num","000","l10n_br_cnab_structure.cnab_itau_240_boleto_segmento_j52","NOTA 10","","","","",""
"l10n_br_cnab_structure.cnab_itau_240_boleto_segmento_j52_18_19","CÓDIGO DO REGISTRO","IDENTIFICAÇÃO DO REGISTRO OPCIONAL","18","19","0","num","52","l10n_br_cnab_structure.cnab_itau_240_boleto_segmento_j52","52","","","","",""
"l10n_br_cnab_structure.cnab_itau_240_boleto_segmento_j52_20_20","TIPO INSCRIÇÃO SACADO","TIPO DE INSCRIÇÃO DO SACADO","20","20","0","num","2","l10n_br_cnab_structure.cnab_itau_240_boleto_segmento_j52","1 = CPF 2 = CNPJ","","","","",""
"l10n_br_cnab_structure.cnab_itau_240_boleto_segmento_j52_21_35","NÚMERO INSCRIÇÃO SACADO","NÚMERO DE INSCRIÇÃO DO SACADO","21","35","0","num","","l10n_br_cnab_structure.cnab_itau_240_boleto_segmento_j52","","","company_id.cnpj_cpf","","",""
"l10n_br_cnab_structure.cnab_itau_240_boleto_segmento_j52_36_75","NOME SACADO","NOME DO SACADO","36","75","0","alpha","","l10n_br_cnab_structure.cnab_itau_240_boleto_segmento_j52","","","company_id.legal_name","","",""
"l10n_br_cnab_structure.cnab_itau_240_boleto_segmento_j52_76_76","TIPO DE INSCRIÇÃO CEDENTE","TIPO DE INSCRIÇÃO DO CEDENTE","76","76","0","num","","l10n_br_cnab_structure.cnab_itau_240_boleto_segmento_j52","1 = CPF 2 = CNPJ","2 if content else 1","partner_id.is_company","","",""
"l10n_br_cnab_structure.cnab_itau_240_boleto_segmento_j52_77_91","NÚMERO INSCRIÇÃO CEDENTE","NÚMERO DE INSCRIÇÃO DO CEDENTE","77","91","0","num","","l10n_br_cnab_structure.cnab_itau_240_boleto_segmento_j52","","","partner_id.cnpj_cpf","","",""
"l10n_br_cnab_structure.cnab_itau_240_boleto_segmento_j52_92_131","NOME CEDENTE","NOME DO CEDENTE","92","131","0","alpha","","l10n_br_cnab_structure.cnab_itau_240_boleto_segmento_j52","","","partner_id.legal_name","","",""
"l10n_br_cnab_structure.cnab_itau_240_boleto_segmento_j52_132_132","TIPO INSCRIÇÃO SACADOR","TIPO DE INSCRIÇÃO DO SACADOR AVALISTA","132","132","0","num","","l10n_br_cnab_structure.cnab_itau_240_boleto_segmento_j52","1 = CPF 2 = CNPJ","","","","",""
"l10n_br_cnab_structure.cnab_itau_240_boleto_segmento_j52_133_147","NÚMERO INSCRIÇÃO SACADOR","NÚMERO DE INSCRIÇÃO DO SACADOR AVALISTA","133","147","0","num","","l10n_br_cnab_structure.cnab_itau_240_boleto_segmento_j52","","","","","",""
"l10n_br_cnab_structure.cnab_itau_240_boleto_segmento_j52_148_187","NOME SACADOR","NOME DO SACADOR AVALISTA","148","187","0","alpha","","l10n_br_cnab_structure.cnab_itau_240_boleto_segmento_j52","","","","","",""
"l10n_br_cnab_structure.cnab_itau_240_boleto_segmento_j52_188_240","BRANCOS","COMPLEMENTO DE REGISTRO","188","240","0","alpha","","l10n_br_cnab_structure.cnab_itau_240_boleto_segmento_j52","","","","","",""
"l10n_br_cnab_structure.cnab_itau_240_boleto_segmento_j52pix_1_3","CÓDIGO DO BANCO","CÓDIGO BANCO NA COMPENSAÇÃO","1","3","0","num","341","l10n_br_cnab_structure.cnab_itau_240_boleto_segmento_j52pix","341","","","","",""
"l10n_br_cnab_structure.cnab_itau_240_boleto_segmento_j52pix_4_7","CÓDIGO DO LOTE","LOTE DE SERVIÇO","4","7","0","num","","l10n_br_cnab_structure.cnab_itau_240_boleto_segmento_j52pix","NOTA 3","","","","",""
"l10n_br_cnab_structure.cnab_itau_240_boleto_segmento_j52pix_8_8","TIPO DE REGISTRO","REGISTRO DETALHE DE LOTE","8","8","0","num","3","l10n_br_cnab_structure.cnab_itau_240_boleto_segmento_j52pix","3","","","","",""
"l10n_br_cnab_structure.cnab_itau_240_boleto_segmento_j52pix_9_13","NÚMERO DO REGISTRO","N SEQUENCIAL REGISTRO NO LOTE","9","13","0","num","","l10n_br_cnab_structure.cnab_itau_240_boleto_segmento_j52pix","NOTA 9","","","","",""
"l10n_br_cnab_structure.cnab_itau_240_boleto_segmento_j52pix_14_14","SEGMENTO","CÓDIGO SEGMENTO REG. DETALHE","14","14","0","alpha","J","l10n_br_cnab_structure.cnab_itau_240_boleto_segmento_j52pix","J","","","","",""
"l10n_br_cnab_structure.cnab_itau_240_boleto_segmento_j52pix_15_17","TIPO DE MOVIMENTO","TIPO DE MOVIMENTO","15","17","0","num","","l10n_br_cnab_structure.cnab_itau_240_boleto_segmento_j52pix","NOTA 10","","","","",""
"l10n_br_cnab_structure.cnab_itau_240_boleto_segmento_j52pix_18_19","CÓDIGO DO REGISTRO","IDENTIFICAÇÃO DO REGISTRO OPCIONAL","18","19","0","num","52","l10n_br_cnab_structure.cnab_itau_240_boleto_segmento_j52pix","52","","","","",""
"l10n_br_cnab_structure.cnab_itau_240_boleto_segmento_j52pix_20_20","TIPO INSCRIÇÃO SACADO","TIPO DE INSCRIÇÃO DO SACADO","20","20","0","num","","l10n_br_cnab_structure.cnab_itau_240_boleto_segmento_j52pix","1 = CPF 2 = CNPJ","","","","",""
"l10n_br_cnab_structure.cnab_itau_240_boleto_segmento_j52pix_21_35","NÚMERO INSCRIÇÃO SACADO","NÚMERO DE INSCRIÇÃO DO SACADO","21","35","0","num","","l10n_br_cnab_structure.cnab_itau_240_boleto_segmento_j52pix","","","company_id.cnpj_cpf","","",""
"l10n_br_cnab_structure.cnab_itau_240_boleto_segmento_j52pix_36_75","NOME SACADO","NOME DO SACADO","36","75","0","alpha","","l10n_br_cnab_structure.cnab_itau_240_boleto_segmento_j52pix","","","company_id.legal_name","","",""
"l10n_br_cnab_structure.cnab_itau_240_boleto_segmento_j52pix_76_76","TIPO DE INSCRIÇÃO CEDENTE","TIPO DE INSCRIÇÃO DO CEDENTE","76","76","0","num","","l10n_br_cnab_structure.cnab_itau_240_boleto_segmento_j52pix","1 = CPF 2 = CNPJ","","","","",""
"l10n_br_cnab_structure.cnab_itau_240_boleto_segmento_j52pix_77_91","NÚMERO INSCRIÇÃO CEDENTE","NÚMERO DE INSCRIÇÃO DO CEDENTE","77","91","0","num","","l10n_br_cnab_structure.cnab_itau_240_boleto_segmento_j52pix","","","","","",""
"l10n_br_cnab_structure.cnab_itau_240_boleto_segmento_j52pix_92_131","NOME CEDENTE","NOME DO CEDENTE","92","131","0","alpha","","l10n_br_cnab_structure.cnab_itau_240_boleto_segmento_j52pix","","","partner_id.legal_name","","",""
"l10n_br_cnab_structure.cnab_itau_240_boleto_segmento_j52pix_132_208","CHAVE DE PAGAMENTO","URL / CHAVE PIX","132","208","0","alpha","","l10n_br_cnab_structure.cnab_itau_240_boleto_segmento_j52pix","NOTA 41","","","","",""
"l10n_br_cnab_structure.cnab_itau_240_boleto_segmento_j52pix_209_240","TXID","CÓDIGO DE IDENTIFICAÇÃO DO QR-CODE","209","240","0","alpha","","l10n_br_cnab_structure.cnab_itau_240_boleto_segmento_j52pix","NOTA 38","","","","",""
"l10n_br_cnab_structure.cnab_itau_240_boleto_trailer_1_3","CÓDIGO DO BANCO","CÓDIGO BANCO NA COMPENSAÇÃO","1","3","0","num","341","l10n_br_cnab_structure.cnab_itau_240_boleto_trailer","","","company_partner_bank_id.bank_id.code_bc","","",""
"l10n_br_cnab_structure.cnab_itau_240_boleto_trailer_4_7","CÓDIGO DO LOTE","LOTE DE SERVIÇO","4","7","0","num","","l10n_br_cnab_structure.cnab_itau_240_boleto_trailer","NOTA 3","seq_batch","","","",""
"l10n_br_cnab_structure.cnab_itau_240_boleto_trailer_8_8","TIPO DE REGISTRO","REGISTRO TRAILER DE LOTE","8","8","0","num","5","l10n_br_cnab_structure.cnab_itau_240_boleto_trailer","","","","","",""
"l10n_br_cnab_structure.cnab_itau_240_boleto_trailer_9_17","BRANCOS","COMPLEMENTO DE REGISTRO","9","17","0","alpha","","l10n_br_cnab_structure.cnab_itau_240_boleto_trailer","","","","","",""
"l10n_br_cnab_structure.cnab_itau_240_boleto_trailer_18_23","TOTAL QTDE REGISTROS","QTDE REGISTROS DO LOTE","18","23","0","num","","l10n_br_cnab_structure.cnab_itau_240_boleto_trailer","NOTA 17","qty_records","","","",""
"l10n_br_cnab_structure.cnab_itau_240_boleto_trailer_24_41","TOTAL VALOR PRINCIPAL","SOMA VALOR PRINCIPAL DOS PGTOS DO LOTE","24","41","0","num","","l10n_br_cnab_structure.cnab_itau_240_boleto_trailer","NOTA 17","sum(  int(line.sorted_values().get(""153_167_valor_pagamento"",0)) for line in filter(    lambda l: l.sorted_values().get(""15_17_tipo_de_movimento"", "") in (""000"",""001"",""002"",""003"") and l.sorted_values().get(""18_19_codigo_do_registro"", False) != 52, batch_detail_lines  ))","","","",""
"l10n_br_cnab_structure.cnab_itau_240_boleto_trailer_42_59","ZEROS","COMPLEMENTO DE REGISTRO","42","59","0","num","","l10n_br_cnab_structure.cnab_itau_240_boleto_trailer","NOTA 17","","","","",""
"l10n_br_cnab_structure.cnab_itau_240_boleto_trailer_60_230","BRANCOS","COMPLEMENTO DE REGISTRO","60","230","0","alpha","","l10n_br_cnab_structure.cnab_itau_240_boleto_trailer","","","","","",""
"l10n_br_cnab_structure.cnab_itau_240_boleto_trailer_231_240","OCORRÊNCIAS","CÓDIGOS OCORRÊNCIAS P/ RETORNO","231","240","0","alpha","","l10n_br_cnab_structure.cnab_itau_240_boleto_trailer","NOTA 8","","","","",""
"l10n_br_cnab_structure.cnab_itau_240_conc_tributo_bc_header_1_3","CÓDIGO DO BANCO","CÓDIGO BANCO NA COMPENSAÇÃO","1","3","0","num","341","l10n_br_cnab_structure.cnab_itau_240_conc_tributo_bc_header","341","","company_partner_bank_id.bank_id.code_bc","","",""
"l10n_br_cnab_structure.cnab_itau_240_conc_tributo_bc_header_4_7","CÓDIGO DO LOTE","LOTE IDENTIFICAÇÃO DE PAGTOS","4","7","0","","","l10n_br_cnab_structure.cnab_itau_240_conc_tributo_bc_header","NOTA 3","seq_batch","","","",""
"l10n_br_cnab_structure.cnab_itau_240_conc_tributo_bc_header_8_8","TIPO DE REGISTRO","REGISTRO HEADER DE LOTE","8","8","0","","1","l10n_br_cnab_structure.cnab_itau_240_conc_tributo_bc_header","1","","","","",""
"l10n_br_cnab_structure.cnab_itau_240_conc_tributo_bc_header_9_9","TIPO DE OPERAÇÃO","TIPO DA OPERAÇÃO","9","9","0","","C","l10n_br_cnab_structure.cnab_itau_240_conc_tributo_bc_header","C =CRÉDITO","","","","",""
"l10n_br_cnab_structure.cnab_itau_240_conc_tributo_bc_header_10_11","TIPO DE PAGAMENTO","TIPO DE PAGTO","10","11","0","","","l10n_br_cnab_structure.cnab_itau_240_conc_tributo_bc_header","NOTA 4","patment_type_code","","","",""
"l10n_br_cnab_structure.cnab_itau_240_conc_tributo_bc_header_12_13","FORMA DE PAGAMENTO","FORMA DE PAGAMENTO","12","13","0","","","l10n_br_cnab_structure.cnab_itau_240_conc_tributo_bc_header","NOTA 5","payment_way_code","","","",""
"l10n_br_cnab_structure.cnab_itau_240_conc_tributo_bc_header_14_16","LAYOUT DO LOTE","N DA VERSÃO DO LAYOUT DO LOTE","14","16","0","","030","l10n_br_cnab_structure.cnab_itau_240_conc_tributo_bc_header","","","","","",""
"l10n_br_cnab_structure.cnab_itau_240_conc_tributo_bc_header_17_17","BRANCOS","COMPLEMENTO DE REGISTRO","17","17","0","","","l10n_br_cnab_structure.cnab_itau_240_conc_tributo_bc_header","","","","","",""
"l10n_br_cnab_structure.cnab_itau_240_conc_tributo_bc_header_18_18","EMPRESA - INSCRIÇÃO","TIPO INSCRIÇÃO EMPRESA DEBITADA","18","18","0","","2","l10n_br_cnab_structure.cnab_itau_240_conc_tributo_bc_header","1= CPF 2 = CNPJ","","","","",""
"l10n_br_cnab_structure.cnab_itau_240_conc_tributo_bc_header_19_32","INSCRIÇÃO NÚMERO","CNPJ EMPRESA OU CPF DEBITADO","19","32","0","","","l10n_br_cnab_structure.cnab_itau_240_conc_tributo_bc_header","NOTA 1","","company_id.cnpj_cpf","","",""
"l10n_br_cnab_structure.cnab_itau_240_conc_tributo_bc_header_33_52","BRANCOS","COMPLEMENTO DE REGISTRO","33","52","0","","","l10n_br_cnab_structure.cnab_itau_240_conc_tributo_bc_header","","","","","",""
"l10n_br_cnab_structure.cnab_itau_240_conc_tributo_bc_header_53_57","AGÊNCIA","NÚMERO AGÊNCIA DEBITADA","53","57","0","","","l10n_br_cnab_structure.cnab_itau_240_conc_tributo_bc_header","NOTA 1","","company_partner_bank_id.bra_number","","",""
"l10n_br_cnab_structure.cnab_itau_240_conc_tributo_bc_header_58_58","BRANCOS","COMPLEMENTO DE REGISTRO","58","58","0","","","l10n_br_cnab_structure.cnab_itau_240_conc_tributo_bc_header","","","","","",""
"l10n_br_cnab_structure.cnab_itau_240_conc_tributo_bc_header_59_70","CONTA","NÚMERO DE C/C DEBITADA","59","70","0","","","l10n_br_cnab_structure.cnab_itau_240_conc_tributo_bc_header","NOTA 1","","company_partner_bank_id.acc_number","","",""
"l10n_br_cnab_structure.cnab_itau_240_conc_tributo_bc_header_71_71","BRANCOS","COMPLEMENTO DE REGISTRO","71","71","0","","","l10n_br_cnab_structure.cnab_itau_240_conc_tributo_bc_header","","","","","",""
"l10n_br_cnab_structure.cnab_itau_240_conc_tributo_bc_header_72_72","DAC","DAC DA AGÊNCIA/CONTA DEBITADA","72","72","0","","","l10n_br_cnab_structure.cnab_itau_240_conc_tributo_bc_header","NOTA 1","","company_partner_bank_id.acc_number_dig","","",""
"l10n_br_cnab_structure.cnab_itau_240_conc_tributo_bc_header_73_102","NOME DA EMPRESA","NOME DA EMPRESA DEBITADA","73","102","0","","","l10n_br_cnab_structure.cnab_itau_240_conc_tributo_bc_header","","","company_id.legal_name","","",""
"l10n_br_cnab_structure.cnab_itau_240_conc_tributo_bc_header_103_132","FINALIDADE DO LOTE","FINALIDADE DOS PAGTOS DO LOTE","103","132","0","","","l10n_br_cnab_structure.cnab_itau_240_conc_tributo_bc_header","NOTA 6","","","","",""
"l10n_br_cnab_structure.cnab_itau_240_conc_tributo_bc_header_133_142","HISTÓRICO DE C/C","COMPLEMENTO HISTÓRICO C/C DEBITADA","133","142","0","","","l10n_br_cnab_structure.cnab_itau_240_conc_tributo_bc_header","NOTA 7","","","","",""
"l10n_br_cnab_structure.cnab_itau_240_conc_tributo_bc_header_143_172","ENDEREÇO DA EMPRESA","NOME DA RUA, AV, PÇA, ETC...","143","172","0","","","l10n_br_cnab_structure.cnab_itau_240_conc_tributo_bc_header","","","company_id.street_name","","",""
"l10n_br_cnab_structure.cnab_itau_240_conc_tributo_bc_header_173_177","NÚMERO","NÚMERO DO LOCAL","173","177","0","","","l10n_br_cnab_structure.cnab_itau_240_conc_tributo_bc_header","","","company_id.street_number","","",""
"l10n_br_cnab_structure.cnab_itau_240_conc_tributo_bc_header_178_192","COMPLEMENTO.","CASA, APTO, SALA, ETC...","178","192","0","","","l10n_br_cnab_structure.cnab_itau_240_conc_tributo_bc_header","","","company_id.street2","","",""
"l10n_br_cnab_structure.cnab_itau_240_conc_tributo_bc_header_193_212","CIDADE","NOME DA CIDADE","193","212","0","","","l10n_br_cnab_structure.cnab_itau_240_conc_tributo_bc_header","","","company_id.city_id.name","","",""
"l10n_br_cnab_structure.cnab_itau_240_conc_tributo_bc_header_213_220","CEP","CEP","213","220","0","","","l10n_br_cnab_structure.cnab_itau_240_conc_tributo_bc_header","","","company_id.zip","","",""
"l10n_br_cnab_structure.cnab_itau_240_conc_tributo_bc_header_221_222","ESTADO","SIGLA DO ESTADO","221","222","0","","","l10n_br_cnab_structure.cnab_itau_240_conc_tributo_bc_header","","","company_id.state_id.code","","",""
"l10n_br_cnab_structure.cnab_itau_240_conc_tributo_bc_header_223_230","BRANCOS","COMPLEMENTO DE REGISTRO","223","230","0","","","l10n_br_cnab_structure.cnab_itau_240_conc_tributo_bc_header","","","","","",""
"l10n_br_cnab_structure.cnab_itau_240_conc_tributo_bc_header_231_240","OCORRÊNCIAS","CÓDIGO OCORRÊNCIAS P/RETORNO","231","240","0","","","l10n_br_cnab_structure.cnab_itau_240_conc_tributo_bc_header","NOTA 8","","","","",""
"l10n_br_cnab_structure.cnab_itau_240_conc_tributo_bc_segmento_o_1_3","CÓDIGO DO BANCO","CÓDIGO BANCO NA COMPENSAÇÃO","1","3","0","","341","l10n_br_cnab_structure.cnab_itau_240_conc_tributo_bc_segmento_o","341","","","","",""
"l10n_br_cnab_structure.cnab_itau_240_conc_tributo_bc_segmento_o_4_7","CÓDIGO DO LOTE","LOTE DE SERVIÇO","4","7","0","","","l10n_br_cnab_structure.cnab_itau_240_conc_tributo_bc_segmento_o","NOTA 3","","","","",""
"l10n_br_cnab_structure.cnab_itau_240_conc_tributo_bc_segmento_o_8_8","TIPO DE REGISTRO","REGISTRO DETALHE DE LOTE","8","8","0","","3","l10n_br_cnab_structure.cnab_itau_240_conc_tributo_bc_segmento_o","3","","","","",""
"l10n_br_cnab_structure.cnab_itau_240_conc_tributo_bc_segmento_o_9_13","NÚMERO DO REGISTRO","N SEQUENCIAL REGISTRO NO LOTE","9","13","0","","","l10n_br_cnab_structure.cnab_itau_240_conc_tributo_bc_segmento_o","NOTA 9","","","","",""
"l10n_br_cnab_structure.cnab_itau_240_conc_tributo_bc_segmento_o_14_14","SEGMENTO","CÓDIGO SEGMENTO REG. DETALHE","14","14","0","","O","l10n_br_cnab_structure.cnab_itau_240_conc_tributo_bc_segmento_o","O","","","","",""
"l10n_br_cnab_structure.cnab_itau_240_conc_tributo_bc_segmento_o_15_17","TIPO DE MOVIMENTO","TIPO DE MOVIMENTO","15","17","0","","","l10n_br_cnab_structure.cnab_itau_240_conc_tributo_bc_segmento_o","NOTA 10","","","","",""
"l10n_br_cnab_structure.cnab_itau_240_conc_tributo_bc_segmento_o_18_65","CÓDIGO DE BARRAS","CÓDIGO DE BARRAS","18","65","0","","","l10n_br_cnab_structure.cnab_itau_240_conc_tributo_bc_segmento_o","NOTA 18","","barcode","","",""
"l10n_br_cnab_structure.cnab_itau_240_conc_tributo_bc_segmento_o_66_95","NOME","NOME DA CONCESSIONÁRIA / CONTRIBUINTE","66","95","0","","","l10n_br_cnab_structure.cnab_itau_240_conc_tributo_bc_segmento_o","","","cnab_beneficiary_name","","",""
"l10n_br_cnab_structure.cnab_itau_240_conc_tributo_bc_segmento_o_96_103","DATA VENCTO","DATA DO VENCIMENTO (NOMINAL)","96","103","0","","","l10n_br_cnab_structure.cnab_itau_240_conc_tributo_bc_segmento_o","DDMMAAAA","time.strftime(""%d%m%Y"")","ml_maturity_date","","",""
"l10n_br_cnab_structure.cnab_itau_240_conc_tributo_bc_segmento_o_104_106","MOEDA","TIPO DE MOEDA","104","106","0","","REA","l10n_br_cnab_structure.cnab_itau_240_conc_tributo_bc_segmento_o","REA","","","","",""
"l10n_br_cnab_structure.cnab_itau_240_conc_tributo_bc_segmento_o_107_121","QUANTIDADE MOEDA","QUANTIDADE DE MOEDA","107","121","0","","","l10n_br_cnab_structure.cnab_itau_240_conc_tributo_bc_segmento_o","NOTA 19","","","","",""
"l10n_br_cnab_structure.cnab_itau_240_conc_tributo_bc_segmento_o_122_136","VALOR A PAGAR","VALOR PREVISTO DO PAGAMENTO","122","136","0","","","l10n_br_cnab_structure.cnab_itau_240_conc_tributo_bc_segmento_o","","","","","",""
"l10n_br_cnab_structure.cnab_itau_240_conc_tributo_bc_segmento_o_137_144","DATA PAGAMENTO","DATA DO PAGAMENTO","137","144","0","","","l10n_br_cnab_structure.cnab_itau_240_conc_tributo_bc_segmento_o","DDMMAAAA","","","","",""
"l10n_br_cnab_structure.cnab_itau_240_conc_tributo_bc_segmento_o_145_159","VALOR PAGO","VALOR DE EFETIVAÇÃO DO PAGAMENTO","145","159","0","","","l10n_br_cnab_structure.cnab_itau_240_conc_tributo_bc_segmento_o","Campos que constam apenas no arquivo retorno. Na remessa, devem ser informados com brancos ou zeros, conforme a picture de cada campo.","","","","",""
"l10n_br_cnab_structure.cnab_itau_240_conc_tributo_bc_segmento_o_160_162","BRANCOS","COMPLEMENTO DE REGISTRO","160","162","0","","","l10n_br_cnab_structure.cnab_itau_240_conc_tributo_bc_segmento_o","","","","","",""
"l10n_br_cnab_structure.cnab_itau_240_conc_tributo_bc_segmento_o_163_171","NOTA FISCAL","NÚMERO DA NOTA FISCAL","163","171","0","","","l10n_br_cnab_structure.cnab_itau_240_conc_tributo_bc_segmento_o","NOTA 33","","","","",""
"l10n_br_cnab_structure.cnab_itau_240_conc_tributo_bc_segmento_o_172_174","BRANCOS","COMPLEMENTO DE REGISTRO","172","174","0","","","l10n_br_cnab_structure.cnab_itau_240_conc_tributo_bc_segmento_o","","","","","",""
"l10n_br_cnab_structure.cnab_itau_240_conc_tributo_bc_segmento_o_175_194","SEU NÚMERO","N DOCTO ATRIBUÍDO PELA EMPRESA","175","194","0","","","l10n_br_cnab_structure.cnab_itau_240_conc_tributo_bc_segmento_o","","","","","",""
"l10n_br_cnab_structure.cnab_itau_240_conc_tributo_bc_segmento_o_195_215","BRANCOS","COMPLEMENTO DE REGISTRO","195","215","0","","","l10n_br_cnab_structure.cnab_itau_240_conc_tributo_bc_segmento_o","","","","","",""
"l10n_br_cnab_structure.cnab_itau_240_conc_tributo_bc_segmento_o_216_230","NOSSO NÚMERO","NÚMERO ATRIBUÍDO PELO BANCO","216","230","0","","","l10n_br_cnab_structure.cnab_itau_240_conc_tributo_bc_segmento_o","NOTA 12","","","","",""
"l10n_br_cnab_structure.cnab_itau_240_conc_tributo_bc_segmento_o_231_240","OCORRÊNCIAS","CÓDIGO DE OCORRÊNCIAS P/ RETORNO","231","240","0","","","l10n_br_cnab_structure.cnab_itau_240_conc_tributo_bc_segmento_o","NOTA 8","","","","",""
"l10n_br_cnab_structure.cnab_itau_240_conc_tributo_bc_trailer_1_3","CÓDIGO DO BANCO","CÓDIGO BANCO NA COMPENSAÇÃO","1","3","0","","341","l10n_br_cnab_structure.cnab_itau_240_conc_tributo_bc_trailer","341","","","","",""
"l10n_br_cnab_structure.cnab_itau_240_conc_tributo_bc_trailer_4_7","CÓDIGO DO LOTE","LOTE DE SERVIÇO","4","7","0","","","l10n_br_cnab_structure.cnab_itau_240_conc_tributo_bc_trailer","NOTA 3","","","","",""
"l10n_br_cnab_structure.cnab_itau_240_conc_tributo_bc_trailer_8_8","TIPO DE REGISTRO","REGISTRO TRAILER DE LOTE","8","8","0","","5","l10n_br_cnab_structure.cnab_itau_240_conc_tributo_bc_trailer","","","","","",""
"l10n_br_cnab_structure.cnab_itau_240_conc_tributo_bc_trailer_9_17","BRANCOS","COMPLEMENTO DE REGISTRO","9","17","0","","","l10n_br_cnab_structure.cnab_itau_240_conc_tributo_bc_trailer","","","","","",""
"l10n_br_cnab_structure.cnab_itau_240_conc_tributo_bc_trailer_18_23","TOTAL QTDE REGISTROS","QTDE REGISTROS DO LOTE","18","23","0","","","l10n_br_cnab_structure.cnab_itau_240_conc_tributo_bc_trailer","NOTA 17","qty_records","","","",""
"l10n_br_cnab_structure.cnab_itau_240_conc_tributo_bc_trailer_24_41","TOTAL VALOR PAGTOS","SOMA VALOR DOS PGTOS DO LOTE","24","41","0","","","l10n_br_cnab_structure.cnab_itau_240_conc_tributo_bc_trailer","NOTA 17","","","","",""
"l10n_br_cnab_structure.cnab_itau_240_conc_tributo_bc_trailer_42_56","TOTAL QTDE MOEDA","SOMA DA QUANTIDADE DE MOEDA DO LOTE","42","56","0","","","l10n_br_cnab_structure.cnab_itau_240_conc_tributo_bc_trailer","NOTA 17","","","","",""
"l10n_br_cnab_structure.cnab_itau_240_conc_tributo_bc_trailer_57_230","BRANCOS","COMPLEMENTO DE REGISTRO","57","230","0","","","l10n_br_cnab_structure.cnab_itau_240_conc_tributo_bc_trailer","","","","","",""
"l10n_br_cnab_structure.cnab_itau_240_conc_tributo_bc_trailer_231_240","OCORRÊNCIAS","CÓDIGOS OCORRÊNCIAS P/ RETORNO","231","240","0","","","l10n_br_cnab_structure.cnab_itau_240_conc_tributo_bc_trailer","NOTA 8","","","","",""
"l10n_br_cnab_structure.cnab_itau_240_tributo_sem_bc_header_1_240","CÓDIGO DO BANCO","CÓDIGO BANCO NA COMPENSAÇÃO","1","240","0","num","341","l10n_br_cnab_structure.cnab_itau_240_tributo_sem_bc_header","","","","","",""
"l10n_br_cnab_structure.cnab_itau_240_tributo_sem_bc_segmento_n_1_240","CÓDIGO DO BANCO","CÓDIGO BANCO NA COMPENSAÇÃO","1","240","0","num","341","l10n_br_cnab_structure.cnab_itau_240_tributo_sem_bc_segmento_n","","","","","",""
"l10n_br_cnab_structure.cnab_itau_240_tributo_sem_bc_segmento_b_1_240","CÓDIGO DO BANCO","CÓDIGO BANCO NA COMPENSAÇÃO","1","240","0","num","341","l10n_br_cnab_structure.cnab_itau_240_tributo_sem_bc_segmento_b","","","","","",""
"l10n_br_cnab_structure.cnab_itau_240_tributo_sem_bc_trailer_1_240","CÓDIGO DO BANCO","CÓDIGO BANCO NA COMPENSAÇÃO","1","240","0","num","341","l10n_br_cnab_structure.cnab_itau_240_tributo_sem_bc_trailer","","","","","",""
"l10n_br_cnab_structure.cnab_itau_240_trailer_1_3","CÓDIGO DO BANCO","CÓDIGO BANCO NA COMPENSAÇÃO","1","3","0","num","341","l10n_br_cnab_structure.cnab_itau_240_trailer","","","","","",""
"l10n_br_cnab_structure.cnab_itau_240_trailer_4_7","CÓDIGO DO LOTE","LOTE DE SERVIÇO","4","7","0","num","9999","l10n_br_cnab_structure.cnab_itau_240_trailer","","","","","",""
"l10n_br_cnab_structure.cnab_itau_240_trailer_8_8","TIPO DE REGISTRO","REGISTRO TRAILER DE ARQUIVO","8","8","0","num","9","l10n_br_cnab_structure.cnab_itau_240_trailer","","","","","",""
"l10n_br_cnab_structure.cnab_itau_240_trailer_9_17","BRANCOS","COMPLEMENTO DE REGISTRO","9","17","0","alpha","","l10n_br_cnab_structure.cnab_itau_240_trailer","","","","","",""
"l10n_br_cnab_structure.cnab_itau_240_trailer_18_23","TOTAL QTDE DE LOTES","QTDE LOTES DO ARQUIVO","18","23","0","num","","l10n_br_cnab_structure.cnab_itau_240_trailer","","qty_batches","","","",""
"l10n_br_cnab_structure.cnab_itau_240_trailer_24_29","TOTAL QTDE REGISTROS","QTDE REGISTROS DO ARQUIVO","24","29","0","num","","l10n_br_cnab_structure.cnab_itau_240_trailer","","qty_records","","","",""
"l10n_br_cnab_structure.cnab_itau_240_trailer_30_240","BRANCOS","COMPLEMENTO DE REGISTRO","30","240","0","alpha","","l10n_br_cnab_structure.cnab_itau_240_trailer","","","","","",""
